pname,ptype,plonginfo,ptransport,paddress,pcontactno,pbizhour,prestaurant,paccommodation
성북동 누들거리,먹자거리,"""전통과 현대가 공존하는 도시, 한양도성의 북쪽 마을이라는 의미의 성북동(成北洞)은 예로부터 많은 작가들이 창작활동을 하던 곳으로 유명하며, 다양한 관광자원과 함께 성곽 주변을 따라 역사성을 지닌 많은 음식점들이 분포하고 있다. 그 중에서도 면(누들)을 전문으로 하는 음식점들을 따라가면 성북동의 역사가 한눈에 그려진다. 사골육수에 심플한 고명을 올려 정갈한 맛을 담아내는 “고 김영삼 전 대통령의 단골집”으로 유명한 국시집을 비롯하여 한식 위주의 국수집 위주로 발달되었으나 역사문화지구의 영향으로 최근에는 성북동을 찾는 많은 젊은 관광객과 함께 서양식 누들(파스타) 전문점, 베트남식 쌀국수 전문점도 많이 생겨 나고 있으며, 또한 역사성을 지닌 중국 음식점도 있어 다양한 누들음식을 맛볼 수 있다. 마을이 박물관으로 불리우는 성북동을 방문하면 역사·문화를 보는 것과 더불어 누들로드를 탐방하는 즐거움도 배가 될 것으로 보인다.""",서울시청역(2호선)→동대문역사문화공원역(4호선 환승)→한성대입구역,서울특별시 성북구 성북동 일대,02-2241-5000(성북동 주민센터),"·구포국수 11:00~01:30 (일요일 휴무)
·국시집 12:00~21:00 (break time 14:30~17:30, 명절 휴무)
·누브티스 11:00~22:00 (연중무휴)
·두에꼬제 11:30~21:30 (break time 15:00~17:00)
·명문막국수 11:30~21:30 (break time 15:00~17:00, 명절 휴무)","구포국수 (02-744-0215)
국시집 (02-762-1924)
누브티스 (02-765-0252)
두에꼬제 (02-747-1405)
명문막국수 (02-745-3389)","더 프레젠트 게스트하우스 성북동점 : 서울 성북구 성북로16길 4-5 (02-765-4565)
성북동 한옥 은하수 : 서울 성북구 성북로 10가길 25 (070-4190-9215)
메이호텔 : 서울 성북구 동소문로8길 23 02-926-0339"
신당동 떡볶이골목,먹자거리,"""신당동 떡볶이골목은 우리나라의 떡볶이 중흥시대를 열었다고 해도 과언이 아니다. 우리나라 어디를 가나 쉽게 떡볶이집을 찾을 수 있는 것도 어떻게 보면 이곳 신당동에서 현대식 떡볶이가 시작되었기 때문이다. 지금은 떡볶이의 종류와 맛도 다양해서 골라먹어야 할 정도다. 신당동 떡볶이골목은 1953년에 태동되었는데 ‘마복림할머니떡볶이집’의 마복림 할머니가 처음으로 떡볶이를 팔기 시작했다. 마복림 할머니는 TV를 통해 ‘며느리도 몰라’라는 카피로 잘 알려져 있다. 물론 그때는 지금처럼 골목을 이루었던 것은 아니다. 당시 동아극장 앞에서 포장마차를 꾸려 떡볶이도 팔고 옥수수며 감자 등도 함께 팔았다. 하지만 떡볶이골목이 형성되기 시작한 것은 1970년대 초다. MBC 라디오의 ‘임국희의 여성 살롱’이라는 프로그램에서 신당동 떡볶이골목을 소개한 후 더 유명해졌다. 그렇게 떡볶이 맛이 소문나면서 지금의 모습을 갖추게 되었다. 떡볶이는 집마다 소스가 달라 맛도 약간씩 차이가 난다. 어떤 집은 고추장에 춘장 등을 섞어 양념장을 만들기도 한다. 신당동 떡볶이는 손님들이 재료를 골라 즉석에서 볶아 먹는 게 특징이다. 떡볶이에 넣어 먹는 사리는 달걀, 라면, 당면, 쫄면, 만두, 어묵 등으로 다양하다.""","서울지하철 2, 6호선 신당역 7번 출구→중구소방서 방면→신당동 떡볶이골목(도보 5분 거리)",서울특별시 중구 신당동 302-4 일대,02-2236-9135(동대문 관광안내소),"·종점떡볶이 00:00~24:00 (연중무휴)
·마복림할머니떡볶이 09:00 ~ 24:00 (주말 09:00 ~ 01:00, 매월 둘째, 넷째 월요일 휴무)
·아이러브 신당동 00:00~24:00 (매월 첫째주, 셋째주 월요일 휴무)
·약속떡볶이 (00:00~24:00)
·우리집떡볶이 (00:00~24:00, 매월 첫째주, 셋째주 화요일 휴무)","종점떡볶이 (02-2231-5062)
마복림할머니떡볶이 (02-2232-8930)
아이러브 신당동 (02-2232-7872)
약속떡볶이 (02-2252-2616)
우리집 (02-2232-4531)","레인보우호텔 : 서울 중구 다산로 255-1 (02-2232-7784)
신라호텔 : 서울 중구 동호로 249 신라호텔 (02-2233-3131)
JW 메리어트 동대문 스퀘어 서울 : 서울 종로구 청계천로 279 (02-2276-3000)"
남대문 칼국수골목,먹자거리,"""서울은 물론 대한민국을 대표하는 시장이 남대문시장이다. 오래 전부터 내국인은 물론 다양한 국적을 가진 외국인의 발걸음이 끊이지 않는다. 언제 찾아가도 북적거리고 활력이 넘친다. 남대문시장 6번 출입구를 알리는 아치를 통과해 조금 가다 보면 왼쪽으로 칼국수골목이 나온다. 골목 양쪽으로 점포가 있고 가운데는 사람들이 지나다닐 수 있게 해놓았다. 남대문 칼국수골목에서 파는 음식은 칼국수, 수제비, 잔치국수, 열무냉면, 찰밥, 보리비빔밥, 냉면 등이다. 점포마다 요리하는 좁은 공간과 긴 식탁이 있고 그 앞에는 의자가 있다. 좁은 골목으로 다니는 사람도 많고 앉아서 먹는 사람도 많다. 불편하게 앉아 먹는 음식이지만 시장 분위기 때문인지 음식은 더 맛있다. 인기메뉴는 칼국수로 굵은 면발에 구수한 육수 맛이 좋다. 하지만 칼국수를 시켰다고 칼국수만 먹는 게 아니다. 칼국수를 시키면 냉면이 맛보기로 나온다. 냉면을 시키면 칼국수가 맛보기로 나오고 보리비빔밥을 시키면 냉면이나 칼국수 맛도 보라고 주인아줌마가 또 챙겨 준다. 어떤 음식을 시켜도 또 다른 한 가지 음식 맛을 볼 수 있는 것이 남대문 칼국수골목의 특징이다. 재래시장 먹자골목에서 통하는 정을 느끼게 해준다. 재래시장의 왁자지껄한 분위기를 제대로 느끼며 정감 있는 장바닥 음식을 맛볼 수 있는 곳이다. """,,서울특별시 중구 남창동 60-3 일대,02-752-1913(남대문시장 관광안내소),"·남해식당 06:00 ~ 21:00 (명절 휴무)
·거제식당 06:00 ~ 20:30 (일요일 07:00 ~ 20:00)","남해식당 (02-319-7245)
거제식당 (02-777-8177)","케이팝호텔 서울타워점 : 서울 중구 퇴계로2길 20 (02-771-7766)
드림 게스트하우스 : 서울 중구 퇴계로6길 22-1 (02-755-8700)
MUST STAY HOTEL : 서울 중구 퇴계로2길 15-3 (02-777-2882)"
광장시장 전골목,먹자거리,"""일제강점기 일본의 여러 정책 가운데 하나가 서울의 시장 상권을 장악하는 일이었다. 그에 맞서 뜻있는 몇 사람이 모여 토지와 현금을 출현하면서 세운 곳이 광장시장이다. 그때가 1905년이었다. 광장시장은 서민들의 상권을 앗아가려는 일본에 맞서 세운 우리나라 최초의 상설시장이다. 당시에는 농수산물이 주로 거래되었으나 지금은 농수산물은 물론 한복과 일반 의류, 침구, 수예, 주방용품 등 없는 게 없다. 광장시장은 그 거대한 규모에도 놀라지만 시장 안 여러 먹거리 골목을 보고 또 한 번 놀라게 된다. 골목길 양쪽 옆으로 전을 파는 식당들이 있지만 길 가운데는 포장마차식으로 만든 점포들이 줄을 지어 늘어서 있다. 동남아 국가를 여행하다 보면 길거리 음식을 자주 접하게 되는데 광장시장 먹거리 골목은 대한민국 최대 규모의 길거리 뷔페라고 할 수 있다. 광장시장 골목에는 다양한 음식을 파는 집들이 자연스럽게 구역을 이루고 있다. 빈대떡, 전을 파는 식당과 포장마차 구역이 있고 칼국수와 만둣국을 파는 곳, 양푼이비빔밥을 파는 곳, 순대에 머리고기, 돼지껍데기를 파는 곳, 회를 파는 곳, 죽을 파는 곳, 잔치국수와 떡볶이를 파는 곳 등이 어깨를 맞대고 골목마다 줄을 지어 서있다. 최근에는 광장시장 전골목이 외국에도 소문이 나면서 외국인들이 많이 찾고 있다.""",서울지하철 1호선 종로5가역 7번 출구→광장시장 입구→광장시장 전골목(도보 5분 거리),서울특별시 종로구 종로5가 138-9 광장시장 내,02-2267-0291(광장시장),"·박가네빈대떡 08:00 - 22:00 (연중무휴)
·홍천집 10:00 ~ 24:00
·육회자매집 09:00 - 22:30 (일요일 휴무)
·모녀 꼬마마약김밥 09:30~21:00 
·순희네빈대떡 08:00 - 24:00 (명절 당일 휴무)","박가네빈대떡 (02-2267-0614)
홍천집 (02-2267-6667)
육회자매집 (02-2274-8344)
모녀마약김밥 (02-2264-7668)
순희네빈대떡 (02-2268-3344)","청계하우스 : 서울 종로구 청계천로 189-1 (02-596-1777)
낙원장 : 서울 관악구 신림동1길 19-3 (02-742-1920)
라마다 서울동대문 : 서울 중구 동호로 354 (02-2276-3500)"
응암동 감자국거리,먹자거리,"""응암동 감자국거리의 역사는 1980년대 중반으로 거슬러 올라간다. 대림시장 주변에 돼지뼈를 푹 고와 육수를 만들고 그 육수에 돼지 등뼈와 감자와 우거지 등을 넣고 끓여 내는 감자국이 등장했다. 감자국이 맛있다는 소문이 나고 사람들에게 인기를 얻자 주변에 음식점들이 하나 둘씩 늘었다. 1990년대는 응암동 감자국거리 최고의 번성시기로 열 곳이 넘는 감자국집들이 옹기종기 붙어 있었다. 서울에서 감자국을 좋아하는 사람들에게 응암동은 감자국의 메카와도 같았다. 또한 맛 경쟁도 치열해서 각 집마다 다양한 방법으로 육수를 만들었고 감자국에 들어가는 재료를 바꿔가며 맛내기에 열중했다. 그러다보니 자연스럽게 응암동 감자국거리의 감자국은 입소문을 타고 장안의 별미로 인정받게 되었다. 응암동 감자국의 특징은 푸짐한 양과 각 집마다 특색 있게 만들어 내는 육수 맛이 색다르다는 점이다. 특히 등뼈에 붙은 고기맛은 일품이다. 등뼈에 붙은 고기를 다 먹으면 밥을 볶아서 먹을 수 있다. 식사로도 인기만점이지만 진한 육수에 채소가 들어간 국물 때문에 술안주에도 잘 어울린다. 저녁에는 여기에 술 한 잔을 곁들이면 더욱 맛있다. """,서울지하철 6호선 새절역 2번 출구→대림시장 방면→응암동 감자국거리(도보 10분 거리),서울특별시 은평구 응암4동 602-34 일대,02-351-5272(응암3동 주민센터),"·대림감자국 07:00~05:00 (주말 00:00~24:00)
·불맛감자탕 00:00 - 24:00
·시골감자국 00:00~24:00
·이화감자국 00:00~24:00 (연중무휴)","대림감자국 (02-306-6535)
불맛감자탕 (02-307-5005)
시골감자국 (02-302-8484)
이화감자국 (02-307-4723)","래플즈호텔 : 서울 은평구 가좌로9길 13-5 (02-304-2193)
이코노미호텔 은평점 : 서울 은평구 응암로 177 (02-373-2603)
브릭스호텔 : 서울 은평구 은평로8길 1 (02-382-9995)"
이태원 세계음식거리,먹자거리,"""이태원삼거리 한복판에 해밀턴호텔과 쇼핑센터가 있다. 그 쇼핑센터를 끼고 올라가면 화려하진 않지만 마치 일부러 감춰놓기라도 한 듯 중국, 인도, 중동, 이탈리아, 프랑스, 그리스, 벨기에, 불가리아, 브라질, 멕시코등 세계 각국의 음식점들이 즐비하게 늘어서 있다. 골목 안에 들어서면 마치 외국의 한 거리에 들어온 듯하다. 나란히 늘어선 레스토랑들은 제 각기 개성이 다른 인테리어로 이국적인 분위기를 연출한다. 골라먹는 재미와 둘러보는 것만으로도 즐겁다. 다양한 세계 문화가 공존하는 서울 안의 작은 용광로라 할 수 있다. 무엇보다 다양한 음식문화가 그 중심에 있다. 각국을 대표하는 음식들을 일일이 열거하자면 셀 수 없이 많다. 브라질 정통 숯불바비큐 호시디오가 있다. 호디시오는 바비큐 그릴에 부위별로 구운 고기를 웨이터들이 들고 다니면서 손님들에게 서빙하는 음식이다. 태국을 대표하는 음식 파파야샐러드도 만날 수 있다. 고소하고 담백하게 볶은 면과 새콤하고 매콤한 맛이 상큼하다. 유럽의 어느 작은 골목에 실제로 있을 법한 이탈리안 레스토랑에서는 고르곤졸라 피자와 마리게리타 피자 등을 주문할 수도 있다. 이태원 세계음식거리의 가장 큰 장점은 세계 여러 나라의 음식을 맛볼 수 있다는 점이다.""",서울지하철 6호선 이태원역 1번 출구→이태원프라자→이태원 세계음식거리(도보 10분 거리),서울특별시 용산구 이태원동 118-18 일대,02-3785-0942(이태원 관광안내소),"·산토리니 12:00 - 22:00 (연중무휴)
·마이첼시 12:00 - 02:00 (연중무휴)","산토리니 (02-790-3474)
마이첼시 (02-749-1373)","해밀톤 호텔 : 서울 용산구 이태원로 179 (02-3786-6000)
크라운 관광호텔 : 서울 용산구 녹사평대로 140 (02-797-4111)
GV레지던스 : 서울 용산구 이태원로 15길 14-4 (02-797-5800)"
삼청동 카페골목,먹자거리,"""서울에서 가장 스타일리시한 골목, 삼청동. 언제부터인가 가난한 예술가들이 삼청동으로 찾아들었다. 거리에 예술적 향취가 묻어나기 시작했고, 지금의 삼청동 거리가 만들어졌다. 골목길 구석구석에 보물같이 예쁜 가게들이 숨어 있지만 중심 거리 양쪽으로 늘어선 색색의 쇼윈도 먼저 구경해보자. 재기발랄한 인테리어 숍이 눈을 끄는가 하면 바로 옆가게에는 고풍스런 전통숍이 자리 잡고 있는데 서로 훌륭한 조화를 이룬다. 거리를 거니는 사람들도 무척 다채롭다. 카페를 배경 삼아 사진을 찍는 젊은이들, 한옥 갤러리에서 작품을 감상하는 이들, 이색 박물관에서 다양한 전시품을 감상하는 가족 단위 관람객들이 모두 같은 길에서 호흡한다. 메마른 감성을 충전시키고 발길 닿는 집에 들어가 맛난 음식을 즐길 수도 있는 곳, 삼청동은 바로 그런 동네다.""","서울지하철 3호선 안국 1번, 2번, 3번 출구 도보 10분",서울특별시 종로구 삼청로 일대,02-723-9472(삼청로 관광안내소),"·CAFE D 55 수, 목 12:00 - 21:00 금,토,일 12:00 - 22:00 월, 화 휴무
·르브리에 11:00 - 09:00 (월요일 휴무)
·커피인뜨락 11:00 - 22:00
·카페브리진 10:30 - 21:30 (루프탑(테라스3층)은 18시까지)
·카페 골목숲 11:30 - 21:30 (주말 11:30 - 22:00)","CAFE D 55 (02-720-5014)
르브리에 (010-9702-2115)
커피인뜨락 (02-725-7776)
카페브리진 (02-722-8120)
카페 골목숲 (070-4250-1664)","삼청동 코리아게스트하우스 : 서울 종로구 삼청로4길 12-1 (010-9217-5975)
라온 게스트하우스 : 서울 종로구 율곡로1길 40-11 (010-6561-3833) 
에이 하우스 : 서울 종로구 팔판길 32 (02-735-8200)"
흑석동 돼지갈비골목,먹자거리,"""대학교 주변에는 어디나 유명한 먹을거리들이 있기 마련인데 중앙대학교 근처에는 돼지갈비골목이 있다. 흑석동성당 맞은편 골목 입구에 중대먹자골목이라는 간판이 있는데 그 골목이 흑석동 돼지갈비골목이다. 30~40년 역사를 가진 이 골목은 1990년대 중반까지만 해도 중앙대학교 학생들이 주요 단골이었다. 학과 주요행사가 있을 때마다 학생들은 이 골목을 찾았다. 아곳에 모인 학생들은 고기를 굽고 술잔을 돌리며 낭만을 즐겼다. 학생들은 졸업을 하고 회사에 취직한 후에도 이 맛을 잊지 못해 회사 동료들과 함께 찾아왔다. 단골은 학생들 뿐만 아니고 흑석동 주민들도 돼지갈비를 즐기러 이 골목을 찾았다. 하지만 아곳의 돼지갈비가 맛있다는 소문이 나면서 장안의 많은 사람이 찾아올 정도로 유명해졌다. 사람들이 가장 많이 찾는 인기메뉴는 돼지갈비지만 소금구이, 숯불삼겹살과 해물요리, 매운 갈비 등도 인기가 있어 입맛에 따라 선택해서 먹을 수가 있다. 저렴한 가격에 맛 좋은 돼지갈비를 먹고 싶다면 흑석동 돼지갈비골목을 찾으면 된다. 흑석동을 찾았다면 이곳에서 돼지갈비를 먹기 전에 1시간 정도 짬을 내어 서달산 산책로를 걸어보는 것도 괜찮다. """,서울지하철 9호선 흑석역 4번 출구→흑석동주민센터 방면→흑석동 돼지갈비골목(도보 10분 거리),서울특별시 동작구 흑석동 169-7,02-815-1046(흑석동 주민센터),"·엉터리생고기 11:00 - 23:00 
·대흥정갈비 10:00 - 22:30 (설, 추석연휴, 여름휴가(3일) 휴무) 
·해오름갈비 10:00 - 22:00","엉터리생고기 (02-814-3376) 
대흥정갈비 (02-823-8454) 해오름갈비 (02-824-8866)","인더가든212 : 서울 동작구 흑석로6나길 40 (010-2894-3351)
쉐어하우스 MELLOW : 서울 동작구 상도로53길 (010-8940-2090)
영빈장여관 : 서울 동작구 서달로 13길 5-19 (02-815-5412)"
용두동 주꾸미골목,먹자거리,"""가끔 매운 맛이 생각날 때가 있다. 그럴 때 찾아갈 만한 곳이 바로 용두동 제기역 부근에 있는 주꾸미골목이다. 1980년대 후반 우연치 않게 주꾸미요리를 손님상에 냈는데 손님들의 반응이 의외로 좋아 본격적으로 주꾸미요리를 시작하게 되었다. 입소문을 통해 주꾸미와 매운 양념이 어우러진 주꾸미볶음이 손님들에게 인기를 얻었고 음식점 주인은 주꾸미볶음 하나만으로 음식점을 전문화시켰다. 사람들이 모여들자 근처에 하나 둘씩 주꾸미요리집이 늘었고 1990년대 초반을 지나면서 지금과 같은 주꾸미골목이 형성되기 시작했다. 용두동 주꾸미볶음은 매운 맛이 특징이다. 빨간 양념에 무친 주꾸미를 볶아 먹는데 매운 성분이 가득한 주꾸미가 불에 끓으면서 익는다. 냄새부터 매콤하다. 쫄깃하게 씹히는 주꾸미와 양념이 어우러진 맛이 맵지만 자꾸만 손이 간다. 주꾸미볶음에 들어가는 다양한 부재료도 입맛을 돋우게 해준다. 삼겹살, 국수사리, 떡사리, 어묵사리 등 사리의 종류도 집집마다 다양하다. 여러 사리 가운데 주꾸미 국물과 잘 어울리는 게 국수사리다. 주꾸미볶음을 다 먹고나면 밥을 볶아 먹을 수도 있다. 또한 주꾸미볶음은 포장도 가능하다. """,서울지하철 1호선 제기역 6번 출구→119소방서→용두동 주꾸미골목(도보 5분 거리),서울특별시 동대문구 용두동 119-3 일대,02-2171-6022(용신동 주민센터),"·고흥주꾸미 
·용두동주꾸미 00:00 - 24:00
·나정순할매쭈꾸미 11:00 - 22:30 (일요일 휴무)
·신용두동주꾸미 11:00 - 08:00 (연중무휴)
·용두동임오네주꾸미1호점 10:00 - 22:30","고흥주꾸미 (02-922-8435)
용두동주꾸미 (02-925-3127)
나정순할매쭈꾸미 (02-928-0231)
신용두동주꾸미 (02-922-1366)
용두동임오네주꾸미1호점 (02-925-1628)","어부스 게스트하우스 : 서울 동대문구 고산자로33길 19-5 (070-8125-4858)
라마다앙코르 서울동대문호텔 : 서울 동대문구 왕산로 22 (02-2116-6000)
호텔 부티크나인 : 서울 동대문구 왕산로 28 (02-925-0720)"
신림동 순대타운,먹자거리,"""1970년대 초 서울시 관악구 신림동 골목 여기저기에 순대를 파는 음식점들이 성시를 이룬 적이 있었다.신림동 순대골목이 바로 그곳으로 연탄불로 순대요리를 하던시절이었다. 그때는 흙바닥에 슬레이트 지붕을 얹었던 시절이라 공동수도시설을 이용하면서도 불편한 줄 몰랐다.1970년대 중반이 되면서 골목에 있던 순대집들은 신림동시장 안으로 모여들었다. 하지만 그곳이 재개발로 사라지고 빌딩이 들어섰다. 그러나 순대집들이 없어진 것은 아니다. 빌딩 안에 순대집들이 점포를 얻어 입주해서 다시 순대를 팔았다. 그 이후 순대집이 하나 둘 늘어나기 시작했다.신림동 골목에 처음 등장한 순대는 바로 백순대다. 소금에 찍어 먹는 순대로 우리나라 백순대의 효시라고 할 수 있다. 그 당시 백순대는 고추장 양념을 해서 순대볶음으로 먹는 지금의 순대와는 사뭇 달랐다.1980년대에 들어서면서 순대골목에 화로가 등장했다. 화력 좋은 화로는 볶고 지지는 요리를 하기에 안성맞춤이었다. 파와 당근 등 각종 야채를 순대와 함께 넣고 고추장 양념을 얹어 볶았다. 그 이후 원조백순대에 고추장양념순대가 추가되면서 신림동 순대골목의 양대산맥으로 자리 잡게 됐다. 옛날 신림동 순대골목의 순대볶음 맛은 아직까지 추억과 함께 온전하게 살아 있다. 1970년대 초 서울시 관악구 신림동 골목 여기저기에 순대를 파는 음식점들이 성시를 이룬 적이 있었다.신림동 순대골목이 바로 그곳으로 연탄불로 순대요리를 하던시절이었다. 그때는 흙바닥에 슬레이트 지붕을 얹었던 시절이라 공동수도시설을 이용하면서도 불편한 줄 몰랐다.1970년대 중반이 되면서 골목에 있던 순대집들은 신림동시장 안으로 모여들었다. 하지만 그곳이 재개발로 사라지고 빌딩이 들어섰다. 그러나 순대집들이 없어진 것은 아니다. 빌딩 안에 순대집들이 점포를 얻어 입주해서 다시 순대를 팔았다. 그 이후 순대집이 하나 둘 늘어나기 시작했다.신림동 골목에 처음 등장한 순대는 바로 백순대다. 소금에 찍어 먹는 순대로 우리나라 백순대의 효시라고 할 수 있다. 그 당시 백순대는 고추장 양념을 해서 순대볶음으로 먹는 지금의 순대와는 사뭇 달랐다.1980년대에 들어서면서 순대골목에 화로가 등장했다. 화력 좋은 화로는 볶고 지지는 요리를 하기에 안성맞춤이었다. 파와 당근 등 각종 야채를 순대와 함께 넣고 고추장 양념을 얹어 볶았다. 그 이후 원조백순대에 고추장양념순대가 추가되면서 신림동 순대골목의 양대산맥으로 자리 잡게 됐다. 옛날 신림동 순대골목의 순대볶음 맛은 아직까지 추억과 함께 온전하게 살아 있다.""",서울지하철 2호선 → 신림역3번 출구 → 롯데리아 → 신림동순대타운(도보2분 거리),서울시 관악구 신림로59길 14 일대,02-879-4501(신림동 주민센터),"·남원집 12:00 - 01:00 (명절휴무)
·달동네광주 11:30~02:00 (명절휴무) 
·전라도별장순대 09:00~24:00 (명절휴무)","남원집 (02-886-9198)
달동네광주 (02-885-4564)
전라도별장순대 (02-883-6103)","Trangblue Hotel : 서울 관악구 신림동7길 52 (02-889-8000)
도미니크 호텔 : 서울 관악구 남부순환로 1501 (02-856-1119)
CS프리미어호텔 서울 : 서울 관악구 남부순환로 (02-2660-7300)"
석촌호수공원,산책로,"""호수의 면적은 21만 7,850㎡이며 담수량은 636만t, 평균수심은 4.5m이다. 호수 조성 후 송파대로(서울 송파구의 남북을 가로지르는 간선도로)가 호수를 가로질러 가게 되면서부터 동호(東湖, 10만 5,785㎡)와 서호(西湖, 11만 2,065㎡)로 구분됐다. 동호와 서호를 합친 호수 둘레는 2.5km에 달한다. 석촌호수가 있는 곳은 본래 송파나루터가 있었던 한강의 본류였다. 송파나루터는 고려와 조선 왕조에 이르는 동안 한성과 충청도, 전라도, 경상도로 이어지는 중요한 뱃길의 요지였다고 한다. 현재 석촌호수 동호에는 송파나루터라는 표석이 세워져 있다. 과거에 잠실 쪽 한강에는 토사가 쌓여 형성된 부리도(浮里島)라는 섬이 있었는데, 부리도를 중심으로 남쪽 물길과 북쪽 물길 즉 송파강과 신천강을 이루는 샛강이 흘렀다. 1971년 4월 부리도의 북쪽 물길을 넓히고, 남쪽 물길을 폐쇄함으로써 섬을 육지화하는 대공사(한강 공유수면 매립사업)가 시작되었고, 그때 폐쇄한 남쪽 물길이 바로 현재의 석촌호수로 남게 된 것이다. 당시의 매립공사로 생겨난 땅이 현재의 잠실동과 신천동이다. 1970년대에는 볼품없던 호수였으나 1981년 호수 주변에 녹지를 조성하고 산책로와 쉼터 등을 설치하여 공원(송파나루공원)으로 만들면서부터 시민들의 휴식공간이 되었다. 한동안 수질악화와 악취로 외면 받기도 했으나 2001년부터 송파구가 석촌호수를 명소화 사업대상지로 선정하여 대대적인 정비사업을 벌인 후부터 수질이 많이 개선되었다. 2.5km의 호안 중 1.88km의 콘크리트 호안시설을 철거하고 대신 수생식물을 심어 생태호안으로 바꾸었고, 한강물 순환체계를 구축함으로써 생태가 복원되기 시작하였다.""","2호선, 8호선 잠실역 지하도(석촌호수 방향)
버스 6, 21, 21-2, 56-2, 63-1, 65, 212, 415, 555-2, 569, 812, 812-1, 813, 30, 64, 64-1. 933, 906, 1001, 1002, 1116, 1117",서울특별시 송파구 석촌호수로 197 (잠실3동 47),02-2147-3380(송파구 푸른도시과),24시간 연중무휴,"오쓰세이로무시 : 방탄소년단 멤버 진의 형이 운영하는 일본식 찜요리 전문점 (02-419-2222) 
삼광호수 : 숯불돼지갈비를 깔끔하게 즐길 수 있는, 40년 전통의 수제 돼지갈비집 (02-414-2512)
진대감집 : 차돌삼합이 유명하지만 여러 색다른 메뉴의 한식을 함께 즐길 수 있는 맛집(02-416-2472)
라라브레드 : 깔끔하고 넓은 매장과 다양한 브런치 메뉴가 있는 식빵 전문점(1800-1990)","롯데호텔월드 : 송파구 올림픽로 240(02-419-7000)
시그니엘 서울 : 송파구 올림픽로 300 롯데월드타워 76-101층(02-3213-1000)
로사나 부띠끄 호텔 : 송파구 삼학사로 98(02-2143-3000)"
신촌물총축제,레저,"""신촌 물총 축제는 '축제로 대한민국을 더 즐겁게 만들자'는 비전 아래 대한민국 신촌을 시작으로 진행되고 있으며, 여름의 열기를 날려버릴 수 있는 도심 속 피서 축제이다. 7월 첫 주말을 맞은 7~8일 신촌 연세대로 일대에서 ‘제 6회 신촌 물총 축제’가 열렸다. 이번 축제는 ‘로봇(안드로이드)과 인간의 한판 물총 대결’이라는 콘셉트로 진행됐는데 연세로 중앙에 설치된 로봇 모양의 무대를 중심으로 다양한 퍼포먼스와 물총 싸움이 전개됐다. 이렇게 매년 열리고 있는 신촌 물총 축제는 서울의 대표적인 여름 축제로 자리 잡고 있지만 다른 한편에선 불만과 비난의 목소리도 높아지고 있다. 축제 당일 신촌 지하철 역사에서는 가판을 깔아놓고 물총을 파는 사람들이 가장 먼저 눈에 들어왔다. 역사 내 편의점에서도 물총을 팔고 있었다. 지하철역 인근에 위치한 생활용품 매장에는 물총과 방수팩을 사기 위해 길게 줄을 선 행렬도 보였다. 축제에 참가한 시민들은 서로를 향해 물총을 쏘며 한 여름의 더위를 잠시 잊는 모습이었다. 그러나 문제는 행사장과 인도가 사실상 구분이 되어있지 않아 일반 시민들과 상인들에게 피해가 간다는 점이다.""","2호선 신촌역 2번 출구 시작
버스 2000, 3000, 3000A, 153, 5713, 7024, 1400, 1500, M6724 (마을버스) 서대문03, 서대문04, 서대문05",서울특별시 서대문구 연세로5나길 19 창천동노인회,1522-9223(무언가 관리자),"첫째 날 11:00-21:00 
둘째 날 11:00-19:00
※그 해 행사에 따라 다름 /","맨도롱식당 : 제주도를 가지 않고도 제주 현지 음식을 맛볼 수 있는 제주음식 전문점 (02-3141-3055)
쌍판댁 : 과일즙을 사용한 특별한 레시피로 만드는 무한리필 돼지갈비집 (02-334-5392)
치폴레옹 : 저렴한 가격에 독특한 치킨스테이크 메뉴를 접할 수 있는 맛집(02-313-2770)
율도참치 : 10년동안 자리를 지켜온, 푸짐하게 참치를 즐길 수 있는 참치전문점(02-392-6565)","호텔M : 마포구 백범로4길 14(02-703-8801)
Ever8레지던스 : 서대문구 신촌역로 7(02-6946-0808)
라뉘호텔 : 마포구 서강로길 20(02-711-3339)"
세빛둥둥섬,레저,"""공식 명칭은 '떠 있는 섬'이라는 뜻인 '플로팅 아일랜드(Floating Island)'이며, 2006년 9월 서울특별시에서 추진한 '한강 르네상스 프로젝트'의 일환으로 계획되었다. 이후 수익형 민자사업(BTO)으로 추진되어 2009년 4월에 착공, 2011년 5월 3일 한글 명칭을 세빛둥둥섬으로 확정하고 같은 달 21일에 전망공간을 개장하였다. 같은 해 11월 사업 재검토가 시작된 뒤 한동안 방치되었다가 2013년 9월 서울시와 최대 출자자인 (주)효성이 운영 정상화에 합의하여 내외부의 일부 공간을 개방하고, 2014년 10월 한글 명칭을 '세빛섬'으로 변경하면서 시설을 전면 개방하였다. 한글 명칭의 '세빛'은 서로 그 빛을 겹칠 때 가장 많은 색깔을 만들어내는 빛의 삼원색 빨강·파랑·초록처럼 3개의 섬이 조화를 이루어 한강과 서울을 빛내라는 바람을 담고 있고, '둥둥'은 수상에 띄워진 문화공간을 강조하는 의미를 담고 있다. 3개의 섬은 제1섬(비스타), 제2섬(비바), 제3섬(테라)으로 구분한다. 활짝 핀 꽃을 형상화한 제1섬은 건축연면적 5490㎡에 3층으로 이루어져 있으며, 국제회의·리셉션·제작발표회·마케팅 이벤트 등 다양한 행사를 할 수 있는 컨벤션홀과 레스토랑 등의 부대시설을 갖추고 있다. 꽃봉오리를 형상화한 제2섬은 건축연면적 3426㎡에 3층으로 이루어져 있으며, 공연·전시 등의 문화체험 행사와 콘퍼런스·세미나 등의 행사를 유치하는 공간으로 활용된다. 씨앗을 형상화한 제3섬은 건축연면적 1078㎡에 2층으로 이루어져 있으며, 수상레포츠 공간으로 활용된다. 이밖에 초대형 LED와 수상무대를 갖춘 미디어아트갤러리는 각종 행사 및 문화예술공간으로 활용된다.""","7호선 고속터미널역 6번 출구 ↔ 세빛섬 (순환 셔틀 버스)
3, 7, 9호선 고속터미널역 8-1번 출구 -> 반포대교 방향 -> 고속터미널 사거리(국민은행 건물)에서 우회전 후 직진 -> 잠수교 방향의 지하보도 이용
버스 9408, 9500, 9501, 9510, 9800, 9802, 142, 148, 360, 362, 462, 540, 640, 642, 643, 3414, 3422, 4212, 4318, 5413, 6411 (고속터미널 앞 하차) 143, 401, 406, 405, 740",서울특별시 서초구 올림픽대로 683(반포동),1566-3433(세빛),"가빛 시설별 상이
채빛 시설별 상이
솔빛 09:00-18:00
예빛 09:00-18:00","애플하우스 : 수요미식회에서 인정받은 즉석떡볶이 맛집 (02-595-1629)
비스타펍 : 분위기 좋은 루프탑에서 한강을 즐길 수 있는 캐주얼한 분위기의 펍 (02-537-2405)
면주방 : 맛있는 면요리를 즐길 수 있는 한식집(02-6282-3213)
산들해반포 : 스무가지 정도의 반찬이 무제한으로 제공되는 한정식 맛집(02-537-0113)","쉐라톤 서울 팔래스 호텔 : 서초구 사평대로 160(02-532-5000)
호텔프라임 : 서초구 사평대로2길 19-9(02-3477-4681)
어메이징하우스 : 용산구 보광로19길 17(010-9203-8612)"
뚝섬한강공원,산책로,"""한강공원이 조성되기 이전부터 강변유원지로 유명했던 곳으로 뚝섬한강공원에서는 여름레포츠인 모터보트, 수상스키, 윈드서핑, 수영장 등을 즐길 수 있다. 뚝도진, 뚝섬나루, 독백탄(禿白)으로도 불렸던 이곳은 이곳은 조선시대 부터 강남(현재의 강남구 청담동 지역)과 송파를 이어주던 나루터였다. 뚝섬 나루터 이외에도 이곳에는 낸딧벌 마을과 여꾸밭머리[1]라고 불렸던 들판이 있었다. 효종 때에 이곳에 경상도, 강원도의 세곡 운송을 위해 수세소를 설치하고 이 나루터에 선착장을 두었으며, 한강을 오가는 세곡선을 관리하며 경강상인들로부터 세를 받았다. 주위의 풍광이 수려하고 강물이 맑고 잔잔하여 유람지로서도 좋은 조건을 갖추어 예전에 국왕이 군대를 사열하던 곳이기도 하였다. 조선후기에는 강원도에서 오는 목재가 하역되는 곳으로 변하여 나라에서는 관리를 파견하여 세금을 징수한 적도 있다. 나라에서 제공하는 배는 없었고, 개인으로 운행되는 배가 있어서 통행료를 받고 운영되었다 1940년에 뚝섬 유원지가 건설된 이후 1970년에 영동대교가 건설되기 전까지도 뚝섬나루는 제 역할을 했었다. 1964년 신문 기사에 의하면, 뚝섬 나루터와 건너편 청숫골나루 사이를 하루 평균 5백 명의 시민들이 이용하였다고 한다. 새벽 4시부터 밤 11시까지 폭 5m, 길이 12m의 뗏목처럼 생긴 목선이 사람과 함께 가축과 자동차까지 실어 날랐으며, 청담, 삼성, 대치 마을에서 재배된 채소의 운반을 도맡았다고 했다.채소팔이하던 곳이 지금은 이렇게 발전할 줄 누가 알았을까 이렇게 목선으로 실어 나른 강남의 채소는 동대문-뚝섬 사이를 다녔던 궤도차로 재운반되어 동대문시장에 팔리곤 했으며, 때문에 채소를 팔던 아낙네들이 많이 이용했었다. 도선료는 4원이였으며, 강을 건너는데는 10분이 소요되었다고 한다. 당시 1969년 말 개통된 한남대교를 통과하는 시내버스 노선이 없어서 주변 시민들은 겨울철에는 얼어붙은 강을 걸어서 건너고, 봄이 되면 서울에서 유일하게 남아있던 나룻배를 타야 했다고 한다. 운송기능에 있어서 중요한 역할을 하였던 뚝섬 나루터는 1970년에 영동대교가 설립되면서 자연스레 기능을 상실했다. 현재는 뚝섬 나루터와 잠실 나루터 사이에 선착장을 마련해서 한강 유람선을 승선할 수 있게 되었다. ""","7호선 뚝섬유원지 4번 출구 도보 4분
버스 2221, 2222, 2415, 2014, 2412 (마을버스) 광진05",서울특별시 광진구 강변북로 139 한강사업본부뚝섬안내,02-3780-0521(뚝섬안내센터),24시간 연중무휴,"테이스티마켓 : 20여가지 정통 아시안음식을 즐길 수 있는 샤브샤브 뷔페 (050-7140-8845)
수유손칼국수 : 수타 손칼국수와 비법재료로 만든 김치가 인기인 칼국수 전문점 (02-905-9949)
더바스켓 : 떡볶이와 치킨을 함께 즐길 수 있는 독특한 치킨요리전문점(050-7465-6279)
무스쿠스 : 국내 최초로 해산물 중심의 고급 해산물 뷔페 레스토랑(02-2218-4500)","케이월드호텔 : 광진구 동일로 90(02-465-1141)
호텔A314 : 광진구 아차산로 314(02-454-0314)
더클래식500이그제큐티브레지던스펜타즈호텔 : 광진구 능동로 90 더클래식500(02-545-0015)"
인왕산,등산,"""인왕산에는 태조, 무학대사의 기도터와 사직터널에서 자하문까지 서울 외곽을 쌓았던 성곽이 남아 있다. 일제강점기에는 산 이름마저 왕(王)자를 쓰지 못하고‘인왕(仁旺)’으로 고쳤다가, 1995년에 와서야‘인왕(仁王)’이란 본래 이름을 되찾았다. 많은 사람들이 즐겨 찾는 코스는 사직터널을 출발 기점으로 성곽터와 정상을 지나 부암동으로 하산하는 코스다. 청와대 앞길과 연결되어 있어 여유가 된다면 팔판로, 효자로, 경복궁까지 걸어보는 것도 좋다. 사직공원 뒤에서 본격적인 등산로를 오르는 길목에는 황학정이 있다. 조선시대 궁술을 연습하던 터였지만 일제 때 경희궁 안에 있던 황학정이 이곳으로 옮겨졌다. 숲으로 둘러싸인 너른 터를 조팝꽃 군락이 눈부시게 장식하고 있다. 정상에 오르면 경복궁을 중심으로 인왕산과 함께 조선시대 한양을 둘러싸고 있던 내사산인 낙산, 남산, 백악산이 펼쳐진다. 정상 아래편에 겸재의 ‘인왕제색도’에 나오는 매바위와 치마바위가 장관을 이룬다. 사직공원에서 삼거리를 지나 오르는 코스에서는 점심시간을 이용해 산책을 즐기는 직장인들도 자주 보인다. 향긋한 내음이 풍기는 나무 계단을 지나 범바위에 오르면 동쪽으로 청와대 전경이 보인다. 종주 코스로 잡으려면 정상을 지나 홍제동 채석장이나 부암동 하림각, 자하문 방면으로 하산하면 된다. 성곽길은 오르는 길 자체보다도 뒤쪽 전망을 쉬엄쉬엄 돌아보며 걷기 좋은 코스다. 창의문을 지나 성곽 안쪽 길을 따라 쭉 걷다가 돌계단을 오르면 성곽 바깥으로 나가게 된다. 성곽 밖 길은 200m 정도 이어지는데 태조·세종·숙종 때 쌓은 것으로 전해지는 성돌들을 볼 수 있다. 성돌에 낀 거무스름한 이끼가 서울의 오랜 역사를 말해주는 듯하다. 다시 성 안쪽 길에 들어서서 숨을 몰아쉬며 계단길을 오르면 기다리고 있었다는 듯 다른 풍경이 펼쳐진다. 사방팔방이 탁 트인 전망과 함께 인왕산 정상이 눈에 들어온다. 인왕산의 미끈한 바위 표면 위로 탕춘대성이 능선을 따라 이어진다. 임진왜란과 병자호란 뒤 수도를 방어하기 위해 보강된 성곽으로 북한산성과 연결된다. 정상에 올라 삿갓바위 근처에 서면 서울을 둘러싼 산들과 한강 물줄기 사이로 빽빽하게 들어찬 빌딩숲이 보인다. 정상을 지나 청운동으로 내려가는 길의 성곽은 옛 모습을 그대로 간직하고 있어 성벽 원형의 아름다움을 만끽할 수 있다. ""","3호선 홍제역 1번 출구 -> 버스 서대문07 -> 개미마을 정류장에서 도보 1분
3호선 홍제역 1번 출구 -> 버스 서대문13, 서대문08 -> 문화촌현대아파트입구 정류장에서 도보 13분",서울특별시 종로구 무악동 산2-1,02-2148-2834(종로구청 공원녹지과),※매주 월요일과 공휴일 다음날은 입산 금지,"남도분식 : 남도지역의 향토음식을 젊은이들의 입맛에 맞게 변화를 준 맛집 (02-723-7775)
소소한풍경 : TV에도 다수 방영된 퓨전 한정식 메뉴를 즐길 수 있는 한정식 맛집 (02-395-5035)
부빙 : 신선한 과일을 사용하며, 옥수수빙수로 유명한 부암동 빙수 맛집(02-394-8288)
자하손만두 : 화학조미료를 일체 쓰지 않는 전통방식 만두를 맛볼 수 있는 곳(02-379-2648)","서촌 비앤비 스란 : 종로구 옥인길 32-2(02-720-1572)
조이하슬라 : 종로구 자하문로45길 16(02-395-6935)
더 플라자 : 중구 소공로 119(02-771-2200)"
여의도 한강공원,산책로,"""여의도한강공원은 정치, 금융, 언론의 중심지인 여의도에 자리하고 지하철, 버스 등 대중교통으로 접근성이 좋아 직장인과 일반시민들이 즐겨찾는 명소이자 봄꽃축제, 세계불꽃축제, 각종 공연 및 마라톤행사 등 다양한 행사가 이어져 볼거리와 즐길거리가 풍부한 휴식공간이다. 또한 밤섬, 여의도 샛강 등이 비교적 자연그대로 보존되어 있어 생태학습장 및 자연친화형 공원으로 조성되어 있다. 즐길거리로 물빛광장, 수상무대 및 수상분수, 빛의폭포, 너른들판, 천상계단, 피아노물길, 광역여객선선착장, 친수형스탠드, 페스티발랜드, 자연형 호안, 서울색공원 등을 이용할 수 있다.""","5호선 여의나루역 3번 출구 도보 3분
버스 261, 5534, 5618, 5633, 7611, 108, 262, 360, 461, 662, 753, 5713, 6623, 7007-1, 10, 5615, 7613, 108, 700",서울특별시 영등포구 여의동로 330 한강사업본부 여의도안내센터,02-3780-0561(여의도 한강공원),24시간 연중무휴,"정인면옥 : 2018 미쉐린 가이드에 소개되고 TV에도 다수 방영된 냉면 맛집 (02-2683-2615)
백리향 : 2018 미쉐린 가이드에 소개된 고품격 중식당 (02-789-5741)
희정식당 : 부대찌개와 T본모둠스테이크를 함께 즐길 수 있는 맛집(02-784-9213)
63뷔페 파빌리온 : kitchen, caf?, shop으로 3가지 서브 컨셉을 가진 뷔페(050-714-0057)","켄싱턴 호텔 : 영등포구 국회대로76길 16(02-6670-7000)
호텔 벤허 : 영등포구 국회대로72길 7(02-783-2233)
한국콘도 : 영등포구 국회대로74길 12 남중빌딩(1588-9337)"
구로 눈썰매장,레저,"""눈썰매 이외에도 7080년대 놀이 체험, 빙어잡이체험, 놀이기구 등을 함께 즐길 수 있는 구로 안양천에 위치한 눈썰매장이다. 최고급 자재의 ITT 아이스매트와 브라인 액체를 이용한 간접팽창냉열 형태의 브라인 (Brine) 결빙방식으로 빙판의 높은 안전도를 유지한다. 탈의실에서 아이스링크까지의 통로에 10mm 두께의 고무 매트를 설치하여 이동 시 보다 안전하고, 아이스링크 주위 벽면은 70mm두께의 스펀지를 장착했다. 오는 2월 18일(일)까지 운영하는 구로안양천 눈썰매장 오픈 시간은 오전 10시부터 오후 5시까지다. 기간 중 무휴 운영하며 입장료는 성인, 유아 동일하게 8000원이다. 눈썰매장의 경우 성인슬로프, 유아슬로프로 구분되어 운영하며 플라스틱썰매보관소에 비치된 플라스틱썰매를 이용한다. 유아슬로프 옆 눈밭은 눈놀이장이다. 한편 미니바이킹, 미니기차, 스윙거, 디스코팡팡, 유로번지를 갖춘 놀이공원의 경우 별도 이용료가 든다. 빙어잡이체험장의 경우 1인당 5000원의 체험료가 든다. 부대시설로 식당가, 의무실, 수유실, 기타 체험부스를 갖추고 있다. 구로안양천 눈썰매장은 구로구 안양천 인라인스케이트장을 활용해 겨울철 눈썰매장으로 이용하는 곳으로 아이들과 한나절 즐겁게 보내기 좋다. 눈썰매장 외에도 눈놀이장, 놀이공원, 빙어잡이체험도 동시에 진행해 하루 날 잡아 다양한 체험에 도전할 수 있다.""","1호선 구로역 3번 출구 도보 19분
2호선 도림천역 2번 출구 도보 16분
버스 571, 5630, 6516, 6613, 642 (기업은행구로 중앙지점 하차)",서울특별시 구로구 신도림동 285-34,02) 972-5765(구로 안양천 튜빙눈썰매장),10:00-17:00,"막창선생 : 꽃갈비살과 곱창, 막창을 함께 즐길 수 있는 곳 (050-7142-5007)
고향마차 : TV에도 방영된 삼겹김치전골이 유명한 실내포차 (050-7141-4644)
이조손칼국수 : 사골육수에 밀로 만든 칼국수로 만든 샤브샤브 칼국수가 대표 메뉴인 맛집(02-868-2633)
도리도리하찌 : 한방 재료로 정성들여 만든 닭볶음탕 맛집(02-2068-5058)","코코모 호텔 : 구로구 새말로 20(02-2229-5500)
대림레지던스 : 구로구 구로동로 226(070-7826-1620)
유장산 : 구로구 구로동로 5 9(010-2256-6256)"
롯데월드 아이스링크,레저,"""낮에는 롯데월드 어드벤처 유리돔 천정으로부터 들어오는 자연채광의 야외 분위기에서, 밤에는 테마파크 야경과 퍼레이드 축제의 즐거움을 만끽 할 수 있는 곳으로 롯데월드 내에 위치한 실내 아이스링크장이다. 최고급 자재의 ITT 아이스매트와 브라인 액체를 이용한 간접팽창냉열 형태의 브라인 (Brine) 결빙방식으로 빙판의 높은 안전도를 유지한다. 탈의실에서 아이스링크까지의 통로에 10mm 두께의 고무 매트를 설치하여 이동 시 보다 안전하며, 아이스링크 주위 벽면은 70mm두께의 스펀지를 장착하였다. 정빙차의 정기적인 가동으로 최상의 고른 빙질을 자랑한다. 롯데월드 어드벤처가 20일 마련한 ‘드림티켓’ 초청행사에 참여한 초록우산어린이재단 대전종합사회복지관 아이들 40여명이 무더위를 날리기 위해 롯데월드 아이스링크에서 스케이트를 타고 있다.  
이번 행사는 평소 방문이 쉽지 않은 테마파크에 오는 것을 꿈꿔왔던 아이들에게 특별한 하루를 선물하기 위해 마련됐으며 롯데월드는 여름방학 기간인 7~8월 두 달간 문화적 혜택이 적은 지역 아이들과 장애인 2천4백여 명을 롯데월드 어드벤처, 롯데월드 아쿠아리움, 서울스카이로 초청하는 특별 초청행사를 진행 중이다. ""","2호선, 8호선 잠실역 4번 출구 도보 5분
버스 3217, 3313, 3314, 3315, 3317, 3411, 3414, 4319, 1007-1, 1100, 1700, 2000, 6900, 7007, 8001, 301, 341, 360, 362",서울특별시 송파구 올림픽로 240,1661-2000(롯데월드아이스링크 고객센터),"월~금 11:00-21:30
토 10:00-22:30
일 10:00-21:30","빌즈 : 호주식커피와 호주식 라이프 스타일을 느낄 수 있는 호주식당 (050-7140-3418)
STAY : 2018 미쉐린 가이드에 소개된 멋진 전망을 가진 프랑스 음식점 (02-3213-1231)
클라우드비어스테이션 : 분위기 좋게 하우스맥주를 즐길 수 있는 수제맥주 전문 펍(02-2143-1034)
반고흐카페 : 반고흐 작품들을 전시해놓은 분위기 좋은 디저트 카페(02-3213-4181)","체리 : 송파구 오금로11길 11-15(02-420-3451)
케빈스테이 게스트하우스 : 송파구 올림픽로32길 37-12(010-3225-2235)
딜라이트호텔 : 송파구 오금로11길 21-9(02-414-1263)"
세계거리춤축제,축제,"""생활예술댄스의 장르별 네트워크와 동호회의 자생적 활동 및 자발적 참여환경을 조성하고, 커뮤니티를 기반으로 한 춤을 통해 서울 전역의 관계와 소통을 바탕으로 축제를 구성함으로써 새로운 형태의 시민주도형 생활예술댄스축제를 구현하고자 기획되었다. 사단법인 세계 거리춤 축제 위원회는 2018년 9월 8일 ~ 9일까지 이틀간 서울 동대문구 장안동 거리에서 <2018 제7회 세계 거리춤 축제>를 개최한다. 서울특별시, 동대문구가 후원하는 이번 행사는 동대문 춤 자랑, 스윙댄스와 함께하는 힐링 콘서트&파티, 스트리트 댄스와 함께하는 열정 콘서트&배틀 외 조지아, 브라질, 멕시코, 폴란드, 터키 5개국 민속춤과 아프리카 세이셸 공화국, 파키스탄, 인디언 전통춤 등 다양한 프로그램을 선보일 예정이다. 부대행사로는 맛자랑 음식 판매부스, 중소기업 제품 판매부스 운영 및 시민들이 자유롭게 참여할 수 있는 다양한 이벤트가 마련되어 있어 남녀노소 누구나 부담 없이 즐길 수 있는 신나는 축제의 장이 될 전망이다.""","5호선 장한평역 1번 출구 도보 2분
버스 9301, 6013, 130, 303, 370, 721, N30, 2221, 3216, 3220, 9403",서울특별시 동대문구 천호대로 405,02-2242-5151(세계거리춤축제 위원회),"첫째 날 14:00-22:00 
둘째 날 13:00-22:00 
※main stage와 substage 시간 상이","대한곱창 : 마마무 화사가 다녀가며 대박난 곱창, 막창 맛집 (02-2214-5207)
전국통일닭발 : 40년전통에 2대째 이어져 내려오는 매운 닭발 맛집 (050-7140-5405)
갈비명가이상 : 매장 규모가 크며 궁중생갈비를 맛볼 수 있는 갈비 전문점(050-7143-3820)
진미기사식당 : 택시기사님들 사이에서 유명한 기사식당(02-2213-6058)","바티카호텔 : 종로구 청계천로 341(02-741-7080)
창신기지 :종로구 종로48길 31(0504-0904-2002)
글로벌인 동대문 시티데이즈인 : 종로구 종로48길 12(02-744-4268)"
서울아리랑축제,축제,"""2012년 12월 5일, 우리의 자랑스러운 문화유산인 ‘아리랑’이 유네스코 인류무형문화유산으로 등재되었다. 등재 발표 직후 파리 유네스코 본부에서 중요무형문화재 제57호 경기민요 보유자인 이춘희 명창이 맑고 기품 있는 소리로 <본조 아리랑>을 부르던 광경은 지금도 회자되고 있다. 서울시와 서울아리랑페스티벌조직위원회는 ‘아리랑’의 유네스코 인류무형문화유산 등재 1년을 기념해 2013년 10월 ‘아리랑’을 중심축으로 국악을 비롯한 우리 전통문화예술의 향취를 맘껏 즐길 수 있는 ‘서울아리랑페스티벌’을 만들었다. 서울아리랑페스티벌은 가장 한국적인 콘텐츠만으로 축제를 만들어도 얼마나 재미있고 경쟁력있는지 보여주고자 한다. 또한 시민이 참여하고 함께 만들어가는 축제이기를 희망하며, '우리것을 발견하고, 배우고, 즐기자'를 서울아리랑페스티벌의 슬로건으로 삼고 있다. 역사와 문화가 공존하는 광화문광장에서 해마다 10월에 펼쳐지는 서울아리랑페스티벌을 통해 한국 문화의 진수가 담겨 있는 판소리, 탈춤, 사물놀이, 산대놀이, 씻김굿, 줄타기 등을 비롯해 록과 재즈, 오케스트라, 퍼포먼스 등과 만난 아리랑, 그리고 퍼레이드 등을 만나고 직접 체험할 수 있다.""","5호선 광화문역 9번 출구 도보 3분
버스 103, 150, 401, 402, 406, 700, 704, 707, 109, 606, 101, 160, 260, 270, 271, 273, 370, 470, 601, 720, 721, 705, 600, 602, 1711, 7016, 7018, 7022, 7212, 1020, 7019, 9401, 9703, 9701, 9709 
마을버스 종로09, 종로11",서울특별시 종로구 세종대로 지하 172,02-779-7805(서울아리랑페스티벌 위원회),"첫째 날 11:00-22:00 
둘째 날 10:00-22:00 
셋째 날 10:00-21:00","신성 : 다양한 반찬과 함께 즐길 수 있는 50년 내공 보리굴비 일식집(02-733-6671)
미진 : 미쉐린 가이드에 선정되고, 수요미식회에도 나온 메밀전문점(02-730-6198)
청진옥 : TV에 소개가 많이 되었던 손꼽히는 종로 해장국 맛집(02-735-1690)
돈까스백반 : TV에 3번이나 방영된 유명한 돈까스백반집(02-733-7339)","포시즌스호텔 서울 : 종로구 새문안로 97(02-6388-5000)
호스텔 와우: 종로구 새문안로5길 11-9(02-6263-6020)
샤프티이씨앤엘 : 종로구 종로 22 인주빌딩(02-724-7199)"
홍대 예술의거리,문화거리,"""홍대 예술의 거리는 홍대입구역 7번 출구를 출발하여 카페골목을 지나 와우산공원, 공민왕 사당, 벽화거리, 홍대앞 어린이놀이터, 걷고 싶은 거리, 홍대입구역으로 3.12㎞ 약 2시간 소요된다. 와우산공원은 전체가 근린공원으로 쉼터와 체육시설, 산책로 등을 아기자기하게 꾸며 놓았으며, 공민왕 사당은 조선 초 이곳 일대에 양곡 보관 창고를 지으려 할 때 동네 노인의 꿈에 나타난 공민왕의 계시에 따라 사당을 지었고, 매년 음력 10월 1일에 제사를 지낸다. 극동방송 뒤 골목을 따라 이어지는 벽화거리는 예술적인 분위기를 자아낼 뿐만 아니라 주변에 예쁜 카페들이 많아 한적한 분위기에서 벽화를 즐기며 산책하기에 좋은 곳이며, 젊은이의 거리로 알려진 홍대 걷고 싶은 거리는 홍대 거리문화, 홍대패션, 홍대카페 등 홍대를 대표하는 거리이며 볼거리와 먹거리 등이 다양하다.""","공항철도 홍대입구역 7, 9번 출입구 시작",서울특별시 마포구 서교동 어울마당로,02-1577-1234(서울지하철),,"소년식당 : 여러 TV 프로그램에 나온, 간장새우 맛집 (070-4111-7179)
윤씨밀방 : 백종원의 3대 천왕에 나온, 함박스테이크와 파스타 맛집 (02-3143-4116)
부야스 곱창 : 아이디어 상품인 컵창이 유명한, 돼지곱창 맛집(02-3144-4967)
혼가츠 : 여러 TV 프로그램에 나온, SNS에서 유명한 치즈 돈가스 맛집(02-322-8850)","호텔 디오레 : 마포구 동교로 162-7(02-332-2333)
나인브릭 호텔 : 마포구 홍익로5길 32(02-3141-8800)
드림하우스 : 마포구 잔다리로 78(02-336-7118)"
청계천 헌책방거리,문화거리,"""동대문에서 청계천을 따라 쭉 뻗은 헌책방 거리가 있다. 서울에 헌책방이 생겨난 것이 1960~70년대였으며 1980년대는 120여개의 점포가 있을 정도로 청계천 헌책방 거리의 전성기였다고 할 수 있다. 보통 시중보다 30% 정도 싼 가격이지만 희귀성에 따라, 출판된 시기에 따라, 보존 상태에 따라 천차만별이다. 최근 대형서점, 온라인 서점 등의 등장과 책 읽기 힘들 정도로 바쁜 현대인들의 일상으로 인해 과거 200여개가 넘던 헌책방들이 오늘날 20여개만 남았을 정도로 침체기이다. 하지만 이곳에서만 만날 수 있는 헌책의 매력과 추억들을 대중에게 알리고 거리를 되살리고자 많은 사람들이 부단한 노력을 기울이고 있다.""",4호선 동대문 8번 출구 도보 5분,서울시 중구 광희동 일대,02-2279-3902,,"진옥화할매원조닭한마리 : 1987년에 개점하여 오랜 시간 자리를 지켜온 동대문 종합시장 원조 맛집 (02-2275-9666)
순미네행복게장 : 각종 한약재를 넣어 만든 간장게장, 양념게장 무한리필 맛집 (02-2268-2059)
낙산냉면 : 백종원의 3대 천왕에 나온, 매운 냉면 맛집(02-743-7285)
BLT 스테이크 : 수요미식회에 나온, 뉴욕 3대 스테이크(02-2276-3330)","96bunz : 중구 퇴계로 343-1(02-2272-0003)
호텔스카이파크 킹스타운동대문점 : 중구 장충단로13길 20(02-6952-8991)
JW 메리어트 동대문 스퀘어 서울 : 종로구 청계천로 279(02-2276-3000)"
황학동 도깨비시장,문화거리,"""황학동 도깨비시장은 청계천7가에서 8가 사이에 위치한다. 전국 구석구석의 희귀한 물건들을 벼룩이 뛰듯이 돌아다니며 모아온다는 의미에서 ‘황학동 벼룩시장’이라고도 한다. 또 중고물품을 판매하고 있어서 ‘황학동 중고시장’, 없는 물건이 없다는 의미에서 ‘황학동 만물시장’이라고 부르기도 한다. 황학동 도깨비시장이 생겨난 것은 청계천 복개공사 후 건너편에 삼일아파트가 들어설 즈음인 1969년 이후이다. 이때부터 시장이 활성화되기 시작하여, 노점상이 생겨나고 전국의 중고물품이 모여들어 시장을 형성했다. 과거 황학동 도깨비시장은 조선시대 미술품과 골동품을 많이 취급했다. 그러나 1983년 6월 장안평에 고미술품 집단상가가 조성되면서 점포들이 옮겨갔고, 전문미술품은 인사동으로 이전해갔다. 그 빈자리를 중고가구, 가전제품, 시계, 각종 기계류와 공구류 등이 차지하면서 중고물품 전문시장으로 발전했다. 청계천이 복원되면서 노점상들이 철거되자 상인들은 동대문운동장 내에 천막을 치고 임시로 풍물시장을 열었다. 그러나 2007년 동대문운동장마저 철거되자 시장의 상인들은 흩어지게 되었다. 지금은 중고 주방용품과 가전제품, 일부 골동품 상점이 남아 있는데, 아무리 오래되고 망가진 물건이라도 이곳 상인들의 손을 거치면 감쪽같이 새것이 된다. 대표적인 상점으로는 40년 동안 괘종시계만 수리해서 팔아온 만보당을 비롯해서 보국당, 동림당 등을 들 수 있다. 비록 과거에 비해 활기는 떨어졌지만, 황학동 도깨비시장은 여전히 국내 최대의 중고물품 시장으로 인식되고 있다. 학생과 신혼부부, 인테리어에 관심이 있는 사람들이 자주 찾는다.""",6호선 신당역 11번 출구 도보 10분,서울시 중구 황학동 일대,02-3396-4114(중구 문화관광),,"육전식당 1호점 : 여러 TV 프로그램에 나온, 신설동 대표 고기 구이 맛집 (02-2234-6373)
에베레스트 레스토랑 : 여러 TV 프로그램에 나온, 네팔 부부가 직접 운영하는 네팔 음식 전문점 (02-766-8850)
마복림떡볶이 : 맛있는 녀석들에 나온, 신당동 떡볶이 원조 맛집(02-2232-8930)
미미국수 : 생활의 달인에 나온, 양지 육수로 만든 국수 맛집(070-4112-5145)","도깨비코티지 : 용산구 소월로2나길 6-1(02-717-0435)
IBC호텔 : 종로구 숭인동 1396(02-2250-3000)
서울앤호텔 동대문 : 종로구 숭인동 202-13(02-6465-0008)"
국립한글박물관,문화거리,"""국립한글박물관은 ‘한글’의 지나온 역사를 실물 자료 중심으로 전시하고 있다. 국어와 한글의 역사, 문자 역사에 관한 자료 및 문화·예술 자료도 폭넓게 관람할 수 있다. 또한 어린이들이 즐겁게 한글을 체험할 수 있는 '한글 놀이터', 외국인이 한글을 쉽게 익힐 수 있는 '한글배움터', 한글에 관한 전문 도서관 '한글누리' 등이 운영되고 있다. 한국어를 적는 가장 완벽한 문자인 한글은 문자사적으로 길이 빛날 독창성과 과학적 원리를 갖고 있어, 세계의 언어학자들에게 찬사를 받고 있는 한글의 우수성을 느낄 수 있다.""",4호선 이촌역 3번 출구 도보 8분,서울시 용산구 서빙고로 139,02-2124-6200,"10:00~18:00 (월요일~금요일, 일요일, 공휴일) 
10:00~21:00 (토요일, 매 달 마지막 수요일) 
※이용 시간 종료 30분 전까지 입장 가능
※휴무일 : 1월 1일, 설날 당일, 추석 당일","북천 : 특제 브라운소스가 맛있는 서울 3대 돈까스 맛집 02-796-2461
동빙고 : 수요미식회에 나온, 서울 3대 빙수 맛집 02-794-7171
스즈란테이 : 일본인이 운영하는 일본 가정식 요리 전문점(02-749-5324)
아지겐 : 수요미식회에 나온, 정통 일본요리 전문점(02-794-8177)","해밀톤 호텔 : 용산구 이태원로 179(02-3786-6000)
서울드래곤시티 : 용산구 청파로20길 95(02-2223-7000)
크라운관광호텔 : 용산구 녹사평대로 140(02-797-4111)"
북촌 한옥마을,문화거리,"""북촌한옥마을은 서울을 넘어 대한민국을 대표하는 전통골목이다. 북촌은 경복궁과 창덕궁, 종묘 사이에 위치하고 있다. 전통한옥이 밀집된 서울의 대표적 전통 주거지다. 많은 사적들과 문화재, 민속자료가 있어 도심 속의 거리 박물관이라 불리는 곳이다. 북촌이라 불리는 건 청계천과 종로의 윗동네이기 때문이다. 북촌은 한양의 중심이었을 뿐 아니라 풍수지리적으로 좋은 곳이었다. 북으로 갈수록 계곡이 깊어지고 남쪽은 비교적 완만하고 청계천에 이르는, 전형적인 배산임수 구조였다. 그래서 자연스레 예로부터 권문세가들의 주거지로 자리매김했다. 북촌의 위상은 개화기와 일제시대에도 이어졌다. 박영효와 김옥균, 민대식 등의 개화파가 북촌에 거주했고 많은 독립 운동가들이 이곳에 살았다. 하지만 일제시대를 거쳐 북촌의 현대화가 계속 진행됐고, 특히 1990년대에는 다세대주택 때문에 많은 수의 한옥이 사라졌다. 급속도로 진행되는 한옥멸실과 다세대 주택 신축으로 북촌경관이 변해가자 1999년 서울시정개발연구원에서는 전문가, 주민, 서울시가 더불어 북촌 가꾸기 정책을 수립했다. 일방적 규제가 아니라 주민들의 자발적 의사에 기초하는 한옥 등록제를 근간으로 현대적 생활요구를 수용하며 한옥 고유의 아름다움이 유지되도록 한옥 수선을 유도, 지원하고 관리하기 시작했다. 북촌의 볼거리는 수도 없이 많아 제대로 보려면 하루 날을 잡아야 할 정도다. 사적 5군데, 서울시 민속자료 4개, 유형문화재 3개, 문화재자료 1개 이외에 계동길, 석정보름우물, 광혜원터 등이 있다. 우리나라 최초의 목욕탕인 중앙탕도 있다. 한옥을 제대로 보려면 가회동 11번지와 31번지, 33번지를 찾으면 된다.""",3호선 안국역 2번 출구 도보 8분,서울시 종로구 계동길 37,"02-2148-4160(재동초교 관광안내소) 
02-2148-4161(정독도서관 관광안내소)",,"깡통만두 : 수요미식회에 나온, 만두와 온반이 있는 맛집(02-794-4243)
눈나무집 : 모닝와이드에 나온, 시원한 김치말이국수와 떡갈비 맛집(02-739-6742)
경춘자의라면땡기는날 : 백종원의 3대 천왕에 나온, 매콤한 짬뽕라면이 유명한 맛집(02-733-3330)
베이징코야 : 가족모임 장소로 좋은 베이징덕 맛집(02-313-5292)","세종게스트하우스 : 종로구 자하문로1라길 16(02-732-9080)
세림호텔 : 종로구 인사동길 37-11(02-739-3377)
바나나백팩커스 : 용산구 두텁바위로25길 7902-3672-1973)"
경춘선 숲길,문화거리,"""경춘선은 1939년 7월 열차 운행이 시작된 뒤 복선전철이 개통된 2010년 12월까지 71년간 운행된 '낭만 열차'의 대명사였다. 그러나 열차 운행이 중단되자 철로 주변은 쓰레기장과 불법 주차장으로 방치됐다. 서울시는 2013년부터 경춘선(광운대역∼서울·구리시 경계) 폐선 부지를 공원으로 가꾸는 작업을 시작했다. 옛 기찻길을 보존하고 경춘선을 달렸던 무궁화호 객차를 설치해 놓는 등 과거 경춘선이 지난 흔적을 그대로 남겨뒀다. 경춘철교 정비는 근대문화유산으로 문화재적 가치를 보전하기 위해 12개의 교각과 철로를 그대로 보전하면서 보행로 조성하고, 철교 아래로 흐르는 중랑천을 따라 이어진 산책로와 자전거도로가 연계되도록 승강기와 전망공간을 조성했다.""","1호선 월계역 1번 출구 도보 5분 
6호선 화랑대역 2·4번 출구 도보 1분",서울특별시 노원구 공릉로55길 88,02-3783-5977,,"경회루 : 고급 한정식을 맛볼 수 있는 맛집(02-972-2774)
일상다반 : 나가사키라멘이 맛있는 일본가정식 맛집(02-971-0666)
멍텅구리 즉석떡볶이 : 서울과학기술대 학생들의 단골 맛집인 즉석떡볶이 맛집(02-978-4645)
쪼매매운떡볶이 : 수요미식회에 나온, 추억의 학교 앞 분식집(02-977-1120)","태릉W :노원구 화랑로 445(02-975-1911)
르블랑 : 중랑구 동일로 961(02-978-3005)
호텔 마가렛 : 중랑구 동일로 919(02-973-5526)"
덕수궁 돌담길,문화거리,"""연인들이 걷기에 더없이 좋은 곳인 낭만이 가득한 덕수궁 돌담길은 보행자를 위해 보도와 차도 공존도로 및 푸르름이 가득한 가로공간인 녹도의 개념을 복합적으로 도입한 우리나라 최초의 사례로, 자연친화적인 점토블록 및 보행자의 안전한 보행권 확보를 위해 차도에 석고석 포장(페이빙스톤) 실시하였고, 시민들의 휴식 공간을 위해 느티나무 외 2종 130주 식재, 평의자 20개 설치하였으며 주변의 역사적 시설인 덕수궁과 연계한 역사적 가로 경관의 창출 및 환경을 개선하였다.""","1,2호선 시청역 2,3번 출구 도보 5분",서울특별시 중구 세종대로 99,02-751-0734,,"신성 : 수요미식회에 나온, 보리굴비가 대표 메뉴인 일식당(02-733-6671)
유림면 : 50년 전통의 서울 3대 메밀국수 맛집(02-755-0659)
고려삼계탕 : 1960년에 한국 최초로 개점한 삼계탕 전문점(02-752-9376)
강서면옥 : 50년 이상 자리를 지킨, 평양식 냉면 맛집(02-752-1945)","더 플라자 : 중구 소공로 119(02-771-2200)
프레지던트 호텔 : 중구 을지로 16(02-753-3131)
포시즌스호텔서울 : 종로구 새문안로 97(02-6388-5000)"
백남준 기념관,문화거리,"""세계적인 비디오 아티스트였던 백남준이 어린시절을 보냈던 곳인 동묘앞역 8번출구에서 종로구민회관으로 올라가는 골목 모퉁이에 아담한 한옥인 백남준 기념관이 있다. 2017년 3월에 음식점이었던 것을 리모델링해서 백남준기념관으로 재 탄생시킨 곳이다.
백남준 기념관은 서울시립미술관에서 관리하는 분관 중 하나이며 백남준의 삶과 예술을 기억하기 위해 백남준의 다양한 예술작품을 감상할 수 있게 만들어져 있는데, 마당에는 현대적 감각의 조형물이 우뚝 서 있다. '백남준의 책상'이라는 작품은 관람객이 직접 책장을 넘기면서 감상하는 미디어 전시이며, 의자에 앉아 직접 아날로그 텔레비젼 채널을 돌리면 시대별로 그의 전시와 어록 등이 상영되는 미디어월 전시또한 독특한 볼거리이다.""","4호선 동대문역 3번 출구 도보 3분 
6호선 동묘앞역 8번 출구 도보 3분",서울특별시 종로구 종로53길 12-1 (창신동)??,02-2124-8944,10:00~19:00(매주 월요일 휴관),"히말라얀 레스토랑 : 정통 네팔 커리 레스토랑(02-3672-1566)
한국통닭 : 생방송오늘저녁에 나온, 한국식 옛날통닭(010-2753-8895) 
용두쌍둥이네쭈꾸미 : 쭈꾸미와 삼겹살을 함께 맛볼 수 있는 쭈꾸미 맛집(02-747-3434)","서울달빛 동대문 게스트하우스 : 종로구 종로 54길 9-10(02-745-1986)
디세븐스위츠 : 종로구 종로56길 20-8 D7(02-3298-2000)
코비게스트하우스 : 종로구 종로53길 12-8(010-5855-9921)"
프리징 아일랜드,문화거리,"""프리징 아일랜드는 대한민국 최대 규모의 아이스 테마파크로 2017년 7월 15일 서울 종로에서 개장하는 450여평 규모의 아이스 체험 및 전시관이다. 총 250여 점의 다양한 아이스 작품들이 3개 층에 나뉘어져 전시되어 있으며 전체를 둘러보는데 보통 1시간 30여분 정도 소요된다. 얼음으로 만들어진 성, 얼음 폭포, 아이스 아쿠아리움, 얼음 미끄럼틀, 아이스 레스토랑, 아이스 빌리지, 아이스 스토리 등 총 7가지 테마를 즐길 수 있는 프리징 아일랜드는 아름다운 색얼음을 이용해 아이스 작품을 만들어 보다 생생하고 현장감있는 체험을 즐길 수 있다.""","1,3,5호선 종로3가역 15번 출구 도보 5분",서울특별시 종로구 삼일대로 386,02-6925-1042,10:00 ~ 20:00(연중무휴),"소문난경북집 : 종로 먹자골목에서 유명한 대표 전집(02-2275-8177)
우화식당 : 매콤한 코다리찜과 육전이 맛있는 곳(02-2277-4997)
대련집 : 사골칼국수와 만두 맛집(02-2265-5349)
일미식당 : 여러 TV 프로그램에 나온, 청국장이 대표 메뉴인 한식당(02-766-6588)","아마레 : 종로구 수표로 22길 7(02-747-0566)
호텔 더 디자이너스 종로 : 종로구 수표로 89-8(02-2267-7474)
쉴 호텔 : 종로구 수표러 18길 10(02-2278-9993)"
성산동 문화비축기지,문화거리,"""마포구 서울월드컵경기장 인근 매봉산에 에워싸인 ‘문화비축기지’는 41년간 일반인의 접근과 이용이 철저히 통제됐던 산업화시대 유산인 마포 석유비축기지가 도시재생을 통해 시민 품으로 돌아오게 된 문화공원이다. 축구장 22개 크기인 14만㎡ 부지 가운데에 개방된 문화마당이 자리하고 6개의 탱크가 이를 둘러 싸고 있는 형태로 하나부터 열까지 모두 기존 자원들을 재활용한 ‘재생’을 통해 만들어졌다는 점에서 서울의 대표적인 대형 도시재생 랜드마크라 할 수 있다. 2017년 9월1일(금) 시민에게 개방되었고, 단순한 문화시설을 넘어 석유와 건설로 대표되는 산업화시대에서 친환경과 재생을 아이콘으로 한 미래로의 도약, 그 상징적 공간이 되도록 시민과 함께 만들고 채워 나가고있다.""",6호선 월드컵경기장역 2·3번 출구 도보 10분,서울특별시 마포구 증산로 87,02-376-8410,공원-연중무휴 상시개방 / 탱크-10:00~18:00(화요일~일요일),"김영섭초뱝 : 생활의달인에 나온 초밥 전문점()2-3152-0900)
핵스테이크 상암 홈플러스점 : 테이크아웃 스테이크점으로 저렴하지만 알찬 구성의 맛집(02-312-2080)
천사의 족발 : 상암동 먹자골목 대표 족발 맛집(02-303-1955)","인게스트하우스 : 마포구 성미산로1길 68(02-711-7111)
애플트리 게스트하우스 : 마포구 월드컵로 20길 41-5(010-2483-7357)
더엠호텔 : 마포구 성산동 52-13(02-336-0001)"
경복궁,역사유적지,"""조선 왕조 개국 3년인 1395년에 완공된 궁궐은 390여 칸으로 한양의 중심축에 자리했다. 개국공신 정도전은 태조로부터 첫 번째 궁궐의 이름을 지으라는 명을 받았고, 고심 끝에 '새 왕조가 큰 복을 누려 번영할 것'이라는 의미로 경복궁(景福宮)이라는 이름을 붙였다. 국보 제223호인 근정전(勤政殿)은 경복궁의 법전으로 각종 즉위식을 거행했던 왕실의 행사장이었다. 근정전의 옆에 위치한 경회루는 1만원권 구화폐 실릴 만큼 대표적인 건축물로 사랑받아 왔다. 이외에도 일제강점기에 훼손을 겪었다가 2010년에 완전히 복원된 광화문, 고종과 명성황후가 머물던 건천궁, 경복궁의 후원인 향원정 등이 자리하고 있다. 경복궁은 조선 왕조 최고의 궁궐인 만큼 생각보다 넓다. 동선은 자유롭게 조정할 수 있다. 다만 좀 더 자세한 관람을 원한다면 우리궁궐지킴이 해설사들의 설명과 함께하는 것이 가장 좋다.""","5호선 광화문역 2번출구 도보 10분
3호선 경복궁역 5번 출구 도보 5분",서울 종로구 사직로 161,02-3700-3900,"1월 ~ 2월, 11월 ~ 12월 : 09:00~17:00(입장마감은 16:00) 
3월 ~ 5월, 9월 ~ 10월 : 09:00~18:00(입장마감은 17:00) 
6월 ~ 8월 : 09:00~18:30(입장마감은 17:30)","서촌계단집 : 여러 TV 프로그램에 나온, 문어 숙회와 조개찜이 맛있는 술집(02-737-8412)
삼청동 수제비 : 여러 TV 프로그램에 나온, 깔끔한 멸치 육수와 부드러운 수제비가 어우러진 맛집(02-735-2965)
풍년쌀농산 : 수요미식회에 나온, 쌀떡으로 만든 떡꼬치가 맛있는 분식집(02-736-5356)
갈리나데이지 : 테이스티로드에 나온, 풍기 파스타가 대표 메뉴인 이탈리안 레스토랑(02-720-1248)
토속촌 : 영계를 사용해 더 부드럽고 견과류가 들어간 삼계탕 전문점 (02-737-7444)","신라스테이 광화문 : 종로구 율곡로 4길 59(02-6060-9000)
호텔 아벤트리 종로 : 종로구 우정국로 46(02-736-1234)
호텔 썬비 : 종로구 인사동7길 26(02-730-3451)"
창덕궁,역사유적지,"""창덕궁은 서울에서 두 번째로 유네스코 선정 세계문화유산으로 등재되었다. ‘동아시아 궁전 건축사에 있어 비정형적 조형미를 간직한 대표적 궁으로 주변 자연환경과의 완벽한 조화와 배치가 탁월하다’는 이유로 선정됐다. 창덕궁은 1405년 태종에 의해 세워졌으며, 오랜 시간 법궁(法宮)의 역할을 한 궁궐이다. 조선은 임진왜란을 겪으면서 경복궁과 창덕궁을 모두 잃었다. 광해군 2년(1610)에 재건된 창덕궁은 약 270년간 조선의 법궁으로 쓰였다. 창덕궁은 크게 두 가지 관람 프로그램을 가진다. 첫 번째는 일반 관람이다. 정전인 인정전(仁政殿)을 중심으로 낙선재(樂善齋)까지 아우르는 기본적인 관람 코스다. 두 번째는 후원 특별 관람으로 후원의 초입 부용지에서 후원의 백미 옥류천에 이르는 코스다. 생태계의 보존 상태가 좋고 연못과 정원 등에는 차경의 흔적이 두드러진다.""","5호선 종로3가역 6번 출구 도보 10분
3호선 안국역 3번 출구 도보 5분",서울 종로구 율곡로 99,02-3668-2300,"[창덕궁, 창경궁 일반관람 개장시간] 
2~5월, 9~10월 입장 09:00~17:00 관람 09:00~18:00 
6~8월 입장 09:00~17:30 관람 09:00~18:30 
11월~1월 입장 09:00~16:30 관람 09:00~17:30 

[후원특별관람 개장 시간] 
3~5월, 9~10월 입장 09:00~16:00 관람 09:00~18:00 
6~8월 입장 09:00~16:30 관람 09:00~18:30 
11~2월 입장 09:00~15:30 관람 09:00~17:30","우래옥 : 1946년에 개업해, 서울 대표 평양 냉면 전문점 중 하나로 손꼽히는 맛집(02-2265-0151)
을지면옥 : 수요미식회에 나온, 의정부파 냉면의 개성을 가진 맛집(02-2266-7052)
핏제리아오 : 여러 TV 프로그램에 나온, 이탈리아 정통 화덕피자, 파스타 맛집(02-3673-5005)
정돈 : 수요미식회에 나온, 대학로 대표 돈까스 맛집(02-987-0924)","이비스 앰배서더 서울 인사동 : 종로구 익선동 삼일대로 30길 31(02-6730-1101)
탑호텔 레지던스 : 종로구 낙원동 59-1(02-765-5551)
메이플레이스호텔 : 종로구 율곡로 179(02-742-8080)"
창경궁,역사유적지,"""창경궁은 1483년 창덕궁 동쪽에 세워진 궁으로, 성종이 정희왕후, 안순왕후, 소혜왕후를 위해 수강궁을 확장하면서 창경궁이라는 이름을 붙였다. 명정전과 문정전, 환경전, 경춘전 등 대부분의 전각이 이때 지어졌다. 창경궁은 아픈 역사가 깃든 궁이기도 하다. 1911년 일제에 의해 창경원으로 격하됐고 동물원과 식물원이 설치되었다가 1983년부터 동물원을 이전하고 이름도 다시 창경궁으로 부르기 시작했다. 이곳에는 보물 384호 홍화문, 국보 제226호이자 현존하는 조선의 궁궐 중 가장 오래된 정전인 명정전, 왕이 정무를 보던 문정전, 임금이 신하들과 경연을 열었던 숭문당, 왕이 농정을 살피며 직접 농사를 지었던 춘당지 등이 자리하고 있다. 그러나 창경궁에는 아직 내전 터, 동궁 터, 궐내각사 터 등 빈 터가 많다. 다시금 회복해야 할 우리네 궁궐이요, 자존심이다.""",4호선 혜화역 4번 출구 도보 15분,서울 종로구 창경궁로 189,02-762-4868,"2월~5월, 9월~10월 : 09:00~ 18:00 
6월~8월 : 09:00 ~ 18:30 
11월~1월 : 09:00 ~ 17:30 
※매표는 관람 마감 1시간 전까지 가능","은주정 : 수요미식회에 나온, 저렴한 가격에 즐길 수 있는 삼겹살, 김치찌개 맛집(02-2265-4669)
순대실록 : 여러 TV 프로그램에 나온, 조선 전통 방식으로 만든 순대 전문점(02-742-5338)
영춘옥 : 찾아라 맛있는 TV에 나온, 꼬리곰탕 맛집(02-765-4237)
유진식당 : 여러 TV 프로그램에 나온, 저렴하게 맛볼 수 있는 돼지머리국밥, 평양냉면 맛집(02-764-2835)","메이플레이스호텔 : 종로구 율곡로 179(02-742-8080)
호텔 아트리움 종로 : 종로구 인의동 48-26(02-2174-6500)
종로 pop1 호텔 : 종로구 낙원동 186(02-744-0078)"
덕수궁,역사유적지,"""덕수궁에 들어가기 위해 태평로의 상징인 대한문을 지난다. 하지만 원래의 위치는 아니다. 일제에 의해 태평로가 만들어지면서 덕수궁의 크기는 줄어들었고 대한문도 뒤쪽으로 물러났다. 1968년 태평로가 확장되면서 또다시 뒤로 물러나 지금의 자리에 있게 되었다. 괜스레 너른 태평로가 무심하다. 대한문을 지나 직진하면 중화문(보물 제819호)에 이른다. 덕수궁의 정전인 중화전 입구에 해당된다. 중화전 앞에는 품계석이 도열해 있다. 궁궐 내 목조중층 건물인 석어당도 주목할 만하다. 임진왜란 때 환도한 선조가 머물다 승하한 장소요, 인조반정 후 광해군이 유폐된 장소다. 물시계가 있는 보루각 자격루(국보 제229호)는 궁내 유일한 국보다. 덕수궁 안에는 최초의 서양식 건축물인 석조전이 있는데, 20세기 초에 지어졌으며 현재 덕수궁미술관으로 사용 중이다.""","2호선 시청 12번 출구 도보 5분
1호선 시청 2번 출구 도보 5분",서울 중구 세종대로 99,02-771-9951,"매표 및 입장시간 : 09:00 ~ 20:00 
관람시간 : 09:00 ~ 21:00","유림면 : 50년 전통의 서울 3대 메밀국수 맛집(02-755-0659)
르풀 : 생방송 아침이 좋다에 나온, 테라스 분위기가 좋고 파니니가 맛있는 카페(02-3789-0400)
고려삼계탕 : 1960년에 한국 최초로 개점한 삼계탕 전문점(02-752-9376)
덕수정 : 여러 TV 프로그램에 나온, 오징어볶음과 부대찌개 맛집(02-755-0180)","호텔 코지 명동 : 중구 회현동 1가 199-6(02-773-8801)
라마다 호텔 앤 스위트 서울 남대문 : 중구 순화동 칠패로 27(02-2119-8900)
코리아나 호텔 : 중구 태평로1가 세종대로 135(02-2171-7000)"
경희궁,역사유적지,"""경희궁은 본래 인조의 아버지인 정원군의 집이었으나, 그 터에 왕기가 서려 있다는 말이 돌자 광해군이 이를 몰수해 궁궐을 지었다. 건립 당시만 1500칸에 이르는 대궐이었던 경희궁은 일제강점기를 거치며 가장 철저하게 파괴됐다. 일사늑약(을사조약)이 강제 체결되고 경성중학교가 들어서면서부터다. 또한 경희궁 터에는 전매국 관시를 지었고 전각들도 대부분 팔아버렸다. 1988년 복원 작업에 착수한 후에야 몇몇 전각의 이전 작업이 추진됐다. 경희궁의 흥화문도 이때 복원했다. 경희궁의 정전인 숭정전, 국왕이 공무를 수행하던 자정전과 영조의 어진을 보관하던 태령전도 새로이 복원했다. 경희궁은 2002년 일반인들에게 개방한 뒤로 다시금 나이를 먹어가고 있다. 어떤 모습으로 옛 위상을 회복할지 관심을 가지고 지켜봐야 할 우리의 문화 유산이다.""","5호선 서대문역 4번출구 도보 10분
5호선 광화문역 1번 출구 도보 10분
3호선 경복궁역 7번 출구 도보 10분",서울 종로구 새문안로 45,02-724-0274,"평일,공휴일 09:00 ~ 18:00","광화문집 : 수요미식회에 나온, 돼지김치찌개 맛집(02-739-7737)
키친메시야 : 신선한 연어가 맛있는 일본가정식 전문점(02-734-2480)
미진 : 1952년부터 광화문 일대를 지켜온, 진한 간장 육수의 한국식 냉메밀국수 전문점(02-730-6198)
청진옥: 수요미식회에 나온, 1937년에 개업한 원조 해장국 맛집(02-735-1690)","신라스테이 서대문 : 서대문구 미근동 충정로 76(02-2230-0700)
아트리움 바비엥2 : 중구 소공동 통일로 114(02-6399-0113)
바비엥 스위트1 : 중구 소공동 통일로 102(02-2076-9000)"
서대문형무소,역사유적지,"""서대문형무소는 현존하는 건축물 중 유일한 일본풍 목조 건물이다. 1923년 지은, 사형 선고를 받고 투옥된 전국의 애국지사들이 이감 후 생을 마감한 장소다. 형무소는 죄인들을 감금하는 곳이지만, 서대문형무소에서 온갖 고초를 당한 이들은 목숨을 바칠 만큼 나라를 사랑한 애국지사들이었다. 서대문형무소를 걷는 내내 얼굴도 모르는 그들의 모습이 떠나지 않았다. 서대문형무소는 전시관, 중앙사, 12옥사, 공작사, 한센병원, 순국선열추모비, 사형장과 시구문, 유관순 지하 옥사, 담장과 망루의 순으로 관람한다. 전시 공간을 두루 돌아보고 나오면 강우규, 안창호, 유관순 열사 등 순국열사의 이름을 기록한 추모비가 눈에 띈다. 채 100년도 되지 않은 지난날의 기록이다. 서대문형무소역사관은 과거의 의미를 아로새겨 부끄럽지 않은 미래를 준비하는 역사의 장이다.""",3호선 독립문 5번 출구 도보 10분,서울 서대문구 통일로 251,02-360-8590,"여름철 ( 3 ~ 10월) : 09:30 ~ 18:00 
겨울철 (11 ~ 2월) : 09:30 ~ 17:00","대성집 : 진한 국물과 푸짐한 도가니가 어우러진 도가니탕 맛집(02-735-4259)
달인꽈배기 : 여러 TV 프로그램에 나온, 달인이 만드는 꽈배기 맛집(02-313-5419)
영천시장떡볶이 : 백종원의 3대 천왕에 나온, 40년 전통의 떡볶이 맛집(02-312-5436)
원조꽈배기 : 생방송 투데이에 나온, 서울 3대 꽈배기 맛집(02-392-4690)","주성치가 올때까지 : 종로구 사직동 필운대로 1길 43-3(010-5337-3942)
서촌 가치 B&B : 종로구 누상동 필운대로 5다길 17(070-8801-5852)
신라스테이 서대문 : 서대문구 미근동 충정로 76(02-2230-0700)"
용산전쟁기념관,역사유적지,"""전쟁기념관에 들어서면 '형제의 상'이 가장 먼저 눈에 들어온다. 현대사의 슬픔을 고스란히 보여준다. 너른 광장을 지나 기념관을 향한다. 1층 전시실에는 선사 시대부터 6.25전쟁까지 그 역사가 모형으로 꾸며져 있다. 모형과 더불어 2층과 3층에는 전시 자료들도 준비되어 있다. 전쟁체험실은 전쟁의 극한 상황을 다양한 감각으로 체험하는 공간이다. 전쟁기념관은 옥외 전시장도 들러볼 만하다. 제2차 세계대전, 6.25전쟁, 베트남전쟁 등에 사용되었던 무기를 전시한다. 반면 기념 조형물은 무기가 아닌 전쟁의 참상이나 아픔을 조명한다. 대형 총알 모양의 ‘6.25전쟁 휴전 50주년 기념 조형물’, 국군 전사자 명비는 마음을 숙연하게 만든다. 시민들은 전쟁기념관에서 전쟁의 희생자들과 평화의 의미를 되새기며 그 터전 위에 우리의 삶이 지속되고 있음을 상기하게 된다.""","6호선 삼각지역 11번, 12번 출구 도보 3분
1호선 남영역 1번 출구 도보 10분",서울 용산구 이태원로 29,02-709-3139,"이용시간 : 09:30 ~ 18:00 
※야간개장/ 매월 마지막 토 09:30 ~20:00","평양집 : 수요미식회에 나온, 특제 소스가 일품인 곱창 맛집(02-793-6866)
문배동 육칼 : 여러 TV 프로그램에 나온, 매콤한 육개장 칼국수 맛집(02-713-6204)
명화원 : 찹쌀탕수육이 맛있는 삼각지역 대표 중국집(02-792-2969)
원대구탕 : 깔끔한 국물의 대구탕 전문점(02-797-4488)","가야라트리호텔 : 용산구 갈월동 98-11(02-798-5101)
그랜드 머큐어 앰배새더 서울 용산 : 용산구 청파로 29길 95(02-2223-7500)
호텔 더 디자이너스 서울역 : 용산구 남영도 한강대로 305(02-703-6200)"
대한민국역사박물관,역사유적지,"""대한민국역사박물관은 19세기 말 개항기부터 오늘날에 이르는 대한민국의 역사를 종합적, 체계적으로 보여주는 국내 최초의 국립 근현대사박물관이다. 대한민국역사박물관은 지상 8층 건물에 4개의 상설전시실과 2개의 기획전시실, 수장고, 세미나실, 강의실, 카페, 문화 상품점, 옥상 정원 등을 갖추고 있다. 4개의 상설전시실에는 안중근 의사 유묵, 3?1 독립선언서, 6?25 전사자 유품, 민주화 운동 관련 자료 등 약 1,500여 점의 근현대사 관련 자료가 전시된다. 박물관 1층에는 2개의 기획전시실이 있으며, 대한민국의 주요한 역사적 순간과 정치, 사회, 문화 등 다양한 분야를 최첨단 디스플레이 기술을 활용하여 보고, 듣고, 느낄 수 있는 전시공간인 '대한민국의 재발견'과 어린이를 위한 역사체험학습공간인 '우리역사 보물창고'가 마련되어 있다. ""","3호선 경복궁 6번 출구 도보 10분
5호선 광화문 2번 출구 도보 5분",서울 종로구 세종대로 198,02-3703-9200,"월,화,목,금,일 10:00~18:00 
수, 토 9:00~21:00 
※입장시간 : 관람 종료 1시간 전까지 가능","미진 : 1952년부터 광화문 일대를 지켜온, 진한 간장 육수의 한국식 냉메밀국수 전문점(02-730-6198)
청진옥: 수요미식회에 나온, 1937년에 개업한 원조 해장국 맛집(02-735-1690)
광화문집 : 수요미식회에 나온, 돼지김치찌개 맛집(02-739-7737)
파워플랜트 : 5개의 맛집을 한 곳에 모아 놓은, 수제 맥주와 피자가 맛있는 맛집(02-2251-8383)","호텔 통 안단테 인사동 : 종로구 인사동 224(02-720-9740)
신라스테이 광화문 : 종로구 율곡로 4길 59(02-6060-9000)
호텔 아벤트리 종로 : 종로구 우정국로 46(02-736-1234)"
국립중앙박물관,역사유적지,"""국립중앙박물관은 총 6개의 상설전시관에 전시 유물만 1만 3000여 점에 이른다. 박물관 관람은 테마별로 12가지 코스가 있다. 박물관에서 제공하는 단말기에 추천코스를 입력하면 알아서 안내를 시작한다. 대여료는 영상안내는 3천원, 음성안내는 1천원이지만, 편리한 안내 시스템은 관람객들에게 최대한의 정보를 적극 제공한다. 아이들과 함께라면 어린이박물관도 빼놓을 수 없다. 어린이박물관은 일반적으로 전시에 그치는 박물관의 고정관념을 탈피했다. 눈으로 보고 손으로 만지는 체험 박물관이다. 테마는 옛날 선조들이 생활했던 주거, 농경, 음악, 전쟁 등 크게 4가지로 나눠진다. 생애 첫 어린이박물관을 찾는다면 더욱 유용할 듯. 다양한 체험을 통해 평생 찾고 즐길 수 있는 징검다리 박물관이 될 것이다.""","4호선, 중앙선 이촌역 2번 출구 도보 5분",서울 용산구 서빙고로 137,02-2077-9000,"월, 화, 목, 금요일 : 10:00 ~ 18:00 
수, 토요일 : 10:00 ~ 21:00 
일요일, 공휴일 : 10:00 ~ 19:00 
※입장은 관람 종료 1시간 전까지","스즈란테이 : 일본인이 운영하는 일본 가정식 요리 전문점(02-749-5324)
아지겐 : 수요미식회에 나온, 정통 일본요리 전문점(02-794-8177)
갯마을 : 수요미식회에 나온, 푸짐한 양지가 들어있는 만둣국 맛집(02-795-2277)
동빙고 : 수요미식회에 나온, 서울 3대 빙수 맛집(02-794-7171)","이태원 크라운 관광호텔 : 용산구 이태원 1동 녹사평대로 140(02-797-4111)
그랜드 머큐어 앰배새더 서울 용산 : 용산구 청파로 29길 95(02-2223-7500)
임피리얼 팰리스 부티크 호텔 : 용산구 한남동 737-32(02-3702-8000)"
종묘,역사유적지,"""왕의 위패를 모시고 제를 올리는 종묘는 조선의 역사에 더없이 중요한 장소였다. 임금이 새로 왕위에 오르면 가장 먼저 종묘와 사직에 나아가 절을 하며 제사를 드렸다. 종묘는 단순한 구조의 재실을 길게 연결해 장엄한 엄숙미를 연출한다. 이곳에서 지내는 제사인 종묘대제(宗廟大祭)는 삼국 시대부터 있었던 국가적인 행사로 국가 통치 질서의 기본이었다. 종묘제례는 1975년 중요무형문화재 제56호로 지정되었고 유네스코는 1995년 종묘를 세계문화유산으로 지정하였다. 궁궐의 건축이 화려하다면 종묘는 조용하고 단아하다. 특히 맞배지붕이 보여주는 건축미는 빼어난 한국의 전통 건축기술을 자랑한다. 종묘는 신주를 모시고 제사를 지내는 정전, 조종과 자손이 길이 평안하라는 의미를 담고 있는 영녕전, 그리고 전사청, 어숙실, 향대청, 신당 등으로 이루어져 있다.""","1,3,5호선 종로3가역 8번, 11번 출구 도보 5분",서울 종로구 종로 157,02-765-0195,"2월~5월, 9월~10월 09:00~18:00 (매표 09:00~17:00) 
6월~8월 09:00~17:30 (매표 09:00~18:30) 
11월~1월 09:00~16:30 (매표 09:00~17:30)","우래옥 : 1946년에 개업해, 서울 대표 평양 냉면 전문점 중 하나로 손꼽히는 맛집(02-2265-0151)
영춘옥 : 찾아라 맛있는 TV에 나온, 꼬리곰탕 맛집(02-765-4237)
계림 : 백종원의 3대 천왕에 나온, 마늘이 듬뿍 들어간 닭도리탕 맛집(02-2263-6658)
경양식1920 : 여러 TV 프로그램에 나온, 돈까스가 맛있는 경양식 전문점(02-744-1920)","센트럴 관광 호텔 : 종로구 장사동 청계천로 137(02-6365-6500)
호텔 리안 : 종로구 관수동 수표로 18길 26(02-2272-8077)
부티크호텔 k 종로점 : 종로구 관철동 21(02-2268-2959)"
서울로,산책로,"""국내 최초의 고가 보행로로 2017년 5월 20일 첫선을 보인 공간이다. ‘서울로 7017’이라는 이름은 서울역 고가가 만들어진 1970년도와 보행길로 탈바꿈한 2017년, 고가와 이어지는 17개의 길을 뜻한다. 박원순 서울시장의 도심재생 프로젝트의 핵심 사업으로, 서울시는 2015년 서울역 고가를 전면 폐쇄한 뒤 2년간 공사를 진행했다. 1970년 개통된 서울역 고가는 2013년 재난위험등급 최하점인 D등급을 받아 철거될 예정이었으나, 박원순 서울시장이 공원화 계획을 들고나오면서 공중정원으로 거듭났다. 이후 2015년 국제현상공모를 통해 네덜란드의 건축가 위니마스가 설계자로 선정돼 공사가 진행됐다.""",서울역 1번출구 -> 왼쪽으로 꺾고 직진 -> 문화역서울284 뒤 올라가는 계단,서울 중구 청파로 432,02-2133-7935,연중무휴,"콩지낙지 ? 낙지 전문점. 특히 낙지아구찜은 생소하면서도 가장 인기다. (02-2259-0069)
쁘띠하노이 ? 베트남음식 전문점. 수익금 중 일부를 기부하는 착하면서도 정직한 식당. (02-3789-2884)
토끼정 ? 일식집. 특히 크림카레우동이 인기다. 항상 웨이팅을 해야하는 곳. (02-362-9401)
해랑스시 ? 초밥 전문식당. 회로 밥을 돌돌 말아서 먹고싶다면 이 식당을 추천한다.","호텔 마누 : 서울 중구 퇴계로 19 남풍빌딩 (02-777-0100)
아로하 게스트하우스 : 서울 용산구 후암로57길 35-8 (070-7752-5759) 
브라운 스위트 : 서울 중구 청파로 464 브라운스톤서울 (02-777-5621)"
청계천,산책로,"""2003년 7월부터 시작된 서울시의 청계천복원사업 구간은 광화문 동아일보사 앞에서 성동구 신답철교로 구간으로 5.8km에 이른다. 2005년 10월 1일 2년여의 공사를 마치고 청계천 위에 놓여진 총 22개의 다리를 중심으로 정조반차도를 비롯한 역사적 자료를 복원한 도심 속 하천으로 개통하였다. 주요 다리로는 모전교·광통교·장통교·버들다리·두물다리 등이 있다. 시즌 내내 각종 행사와 볼거리로 가득하며 항상 꾸준한 인기를 누리고 있다. 강가에 서식하는 새들과 물고기도 사람들이 많이 찾는 이유 중 하나이다.""",광화문역 5번출구 -> 약 20m 직진 후 좌회전 -> 약 30m 앞 청계천 시작,"광화문역, 종각역, 을지로 3가역, 종로 5가역, 동묘앞역, 신설동역 일대",X,연중무휴,"빌즈 광화문(광화문역) - 호주식 브런치 카페. 고급스러운 분위기가 매력적이다. (02-2251-8404)
미진(광화문역) - 미쉐린 가이드 2018에 선정된 국수 전문점. 티비에 4차례나 방영되었다. (02-730-6198)
동원집(을지로 3가역) ? 감자탕만 전문으로 하는 집이다. 그럼에도 항상 꽉 차있다. (02-2265-1339)
육회자매집(종로5가역) - 광장시장과 연결된 육회 맛집. (02-2272-3069)
본고향맛집(동묘앞역) - 동묘 맛집 한우갈비살에 반한 동대문 회식장소 (02-2234-3392)","신라스테이(광화문역) : 서울 종로구 삼봉로 71 (02-2230-0700)
센터마크호텔(종각역) : 서울 종로구 인사동5길 38 (02-731-1000)
롯데시티호텔명동(을지로3가역) : 서울 중구 삼일대로 362 (02-6112-1000)
디세븐스위츠(동묘앞역) : 서울 중구 삼일대로 362 (02-3298-2000)"
남산타워,복합문화공간,"""남산서울타워는 한국 최초의 타워형태의 관광명소다. 높이 236.7m를 헤아리는 타워는 해발 243m인 남산의 높이까지 계산하면 실제 높이는 480m에 이르러 가히 동양최고의 타워라고 자랑할 만하다. 남산서울타워는 40년 만에 일반인에게 공개되는 '서울타워플라자'와 2005년부터 CJ푸드빌이 임대하여 운영 중인 'N서울타워'로 구성되어 있다. 남산서울타워는 1969년 TV와 라디오 방송을 수도권에 송출하기 위해 한국 최초의 종합 전파탑으로 세워졌으며, 현재는 서울의 대표적인 복합문화공간이자 랜드마크로 자리잡았다.""",02(서울애니메이션센터숭의여대) -> 남산서울타워 정류장 하차 -> 03(남산3호터널) -> 남산서울타워 정류장 하차,서울특별시 용산구 남산공원길 105 (용산동2가),02-3455-9277,10:00-22:00,"153포인츠부대찌개 ? 세계 유일하게 저염부대찌개로 특허받은 곳. 고급진 재료가 특징이다. (02-3789-0153)
부엉이돈가스 ? 돈가스 전문점이지만 다른 양식도 유명할정도로 맛있다. (02-318-0518)
엔그릴 ? 양식전문점. 고급스러운 와인의 종류가 다양하며 랍스타가 특히 맛있다. (02-3455-9297)
도쿄스테이크 ? 스테이크로 할 수 있는 모든 음식을 먹어볼 수 있는 스테이크 전문점. (02-3789-5097)","서울 신라호텔 : 서울특별시 중구 동호로 249 (02-2233-3131)
그랜드하얏트 : 서울특별시 용산구 소월로 332 (+82 2 797 1234)
티마크 그랜드 호텔 : 서울 중구 퇴계로 52 (02-2283-3000)
호텔 아로파 : 서울 중구 세종대로16길 22 (02-6362-6000)"
타임스퀘어,복합문화공간,"""타임스퀘어(Times square)는 주식회사 경방에서 2006년부터 총 공사비 6,000억원을 투자해 2009년 9월 16일 서울 영등포에 오픈한 국내 최대규모의 복합쇼핑몰이다. 상업/업무/문화/레저가 어우러진 도시형 엔터테인먼트 문화공간(UELC-Urban Entertailing Lifestyle Center)으로, 메리어트호텔, 오피스 2개동, 신세계백화점, CGV멀티플렉스, 이마트, 교보문고, 아모리스, 글로벌 SPA브랜드 자라와 망고 등이 입점했다. 총면적 37만제곱미터(약 11만평, 쇼핑공간만은 총 30만2천m2)의 초대형 복합쇼핑몰인 타임스퀘어는 오픈 이후 8개월간 방문객 4,900만명, 매출 6,500억원을 기록하면서 서울 서남부권의 랜드마크로 자리잡았다. 지상 1~5층의 아트리움과 패션몰 외벽을 대형 통유리로 처리해 24시간 자연 채광을 받으며 쾌적한 쇼핑을 즐길 수 있는 것이 특징. 5층 옥상 생태 공원을 비롯, 녹지와 조형물 등 조경시설을 전체 대지면적의 17%인 1만485제곱미터(4500평) 규모로 조성했다.""","영등포역 3, 6번 출구 -> 나오는 방향으로 직진",서울특별시 영등포구 영중로 15,02-2638-2000,10:30-22:00,"태인양꼬치 ? 수 많은 연예인도 찾는다고 하는 양고기 전문점. (02-2678-0653)
코코로벤또 ? 일식 전문점. 말 그대로 도시락에 담겨 나오지만 적당한 가격에 꽉차있는 구성이 매력이다. (02-2632-2316)
세븐 스프링스 ? 초밥, 롤로 유명한 뷔페집 (02-2638-2638)
반장즉석떡볶이 ? 학창시절을 떠울리게 만드는 소소한 재미가 있는 떡볶이 전골집 (02-537-9110)","쉐라톤 서울 디큐브시티 호텔 : 서울 구로구 경인로 662 (02-2211-2000)
글래드 여의도 : 서울 영등포구 의사당대로 16 (02-6222-5000)
하이서울유스호스텔 : 서울 영등포구 영신로 200 (02-2677-1779)
코트야드 메리어트 : 서울 영등포구 영중로 15 (02-2638-3000)"
서래섬,산책로,"""한강에 제방을 쌓기 전 이 일대는 서래마을 뒤 청룡산에서 한강 모래사장으로 작은 개울들이 서리서리 굽이쳐 흐른다고 하여 '서릿개'라고하였으나 음이 변해서 지금의 반포로 부르게 되었다. 특히 1972년 이수택지개발 계획에 의거해 한강에 제방을 쌓았으며 1973년 대한주택공사가 이 곳에 대단위 아파트를 건립하면서부터 현재 반포동의 모습이 나타나게 되었다. 한편 한강둔치 반포지구에 있는 '반포 서래섬'은 1982년부터 1986년까지 올림픽대로 건설 및 한강 종합개발시 조성한 인공섬으로서 3개의 다리가 연결되어 있다. 또 물길을 따라 수양버들이 잘 드리워져 있고 철새도래지, 화훼단지, 수상스키장 등이 조성된 시민 휴식 공간이다.""",구반포역 2번출구 -> 약 350m이동 -> 우회전 후 약 670m이동 -> 반포안내센터나들목까지 약 100m 이동 -> 서래섬까지 약 80m 이동,서울 서초구 반포동 서래섬,02-3780-0541,연중무휴,,X
아쿠아플라넷63,아쿠아리움,"""63스퀘어에 위치한 아쿠아 플라넷 63은 리모델링으로 2016년 7월 1일 개장하였으며, 수달플라넷, 수초 수조와 아마존 수조,폐어 수조로 이루어진 아쿠아가든, 아름다운 빛의 해파리가 있는 골든 미라클존, 펭귄 플라넷, 물범 플라넷, 형형색색의 산호들이 아름다운 코랄 플라넷 등 다양하고 신기한 생물들과 다채로운 주제로 꾸며진 새로운 공간들이 마련됐다. 메인 수조에서는 음악과 조명이 어우러져 펼쳐지는 판타스틱 머메이드쇼를 관람 할 수 있다.""",샛강역3번출구 나와서 약 1km직진 -> 우회전 후 약 300m직진 -> 63빌딩,서울특별시 영등포구 63로 50,02-780-6382,10:00-22:00,"일식비 ? 가성비 좋은 일식 코스를 먹을 수 있는 곳. (02-786-3555)
백리향 ? 미슐랭 2018 선정맛집인 고급레스토랑. (02-789-5741)
리선전복 ? 삼계탕, 삼합 등 몸보신을 위해선 제격인 음식점 02-769-1688","한화호텔앤드리조트 : 서울 영등포구 63로 50 63 (1588-2299)
라다호텔 : 서울 영등포구 여의대방로67길 18 (02-761-9857)
베니키아프리미어 여의도호텔 : 서울 영등포구 영등포로 389 (02-833-8887)"
여의도 불꽃축제,문화,"""불꽃놀이를 통해 21세기 한국의 비전을 새롭게 제시하고, 범국민적 영원의 메시지를 담아 민족의 화합의지를 다지는 기쁨과 희망의 장으로 삼고자 기획된 행사로, 2000년 10월에 처음 개최되었다. 10월초에 개최되며, 한화(주) 연화사업부에서 주관한다. 행사 장소는 영등포구 63빌딩 앞 여의도 한강시민공원 일대이며, 보통 하늘이 어두워지는 20시 무렵에 시작해 30분 정도 계속된다. 불꽃은 원효대교와 한강철교 사이의 바지선에서 쏘아 올려진다. 여의도 지구, 서울 전역의 한강시민공원, 동작구 일대, 한강대교·원효대교·마포대교, 지하철 4호선 동작역, 남산타워, 관악산 등에서는 화려한 불꽃놀이를 뚜렷하게 볼 수 있다.""",여의도 일대,여의도 한강공원,X,PM 10:00,"사대부집 곳간 - 여의도 전경련회관 50층 전망좋은 한식 뷔페 맛집. (02-2055-4441)
워킹온더클라우드 - 63빌딩 야경으로 유명하고 분위기 좋은 레스토랑. (02-789-5904)
청수 ? 메뉴가 단 3개밖에 없을정도로 메밀국수를 전문으로 하는 음식점. (02-784-1559)
아오리라멘 ? 한창 뜨고있는 연예인 승리의 라멘집으로 저렴한 가격이 특징. (02-6137-5766)","콘래드 서울 호텔 : 서울 영등포구 국제금융로 10 (02-6137-7000)
메리어트 이그제큐티브 : 서울 영등포구 여의대로 8 여의도파크센터 (02-2090-8000)
엠호텔 : 서울 영등포구 국회대로70길 8 (02-783-2271)"
진관사계곡,휴양,"""북한산 향로봉과 비봉 사이의 비봉능선에서 진관사 방면으로 이어지는 계곡이다. 명칭은 계곡 주변에 있는 고려 때 창건된 진관사(津寬寺)에서 유래하였다. 계곡을 따라 경사가 급한 암반이 발달해 있고 작은 폭포들이 이어진다. 진관사공원지킴터에서 일주문~진관사를 거쳐 계곡을 따라 올라가면 비봉능선과 만나는데, 오른쪽 방향은 비봉~사모바위로 이어지고, 왼쪽은 향로봉으로 이어진다.""",독바위역 1번출구 -> 3개의 횡단보도를 지나 약 1.5km 이동 -> 지브릭커피 앞에서 오른쪽방향으로 약 750m이동 -> 오른쪽방향으로 진관사계곡까지 약 300m이동,서울 은평구 진관동,X,연중무휴,X,
난지캠핑장,야영,"""서울시 마포구 상암동 한강변에 위치한 난지캠핑장은 각종 편의 시설과 자연이 어우러져 피크닉과 캠핑을 동시에 즐길 수 있는 최적의 가족레저입니다. 2002년 개장이래 가족 또는 연인들을 위한 도심속 최고의 휴식공간으로 자리잡아 단순한 캠핑장을 넘어 어린이들을 위한 학습장 난지생태공원, 노을공원, 메타세콰이어길과 하늘공원 등 온 가족이 함께할 수 있는 다양하고 안전한 시설이 연계되어있는 최적의 편리한 캠핑장입니다.""",성산대교 1번진입로 -> 월드컵경기장으로 좌회전 -> 월드컵 경기장 앞 사거리 -> 좌회전 -> 성산대교방향 -> 강변북로 진입 후 내려오면 도착,서울시 마포구 한강 난지로 28 한강 시민공원 난지캠핑장,02-304-0061,10:30~9:30,"청어람 - 소곱창맛집 곱창과 곱창전골 맛있는집 (02-332-1411)
호시절 - 포근하고 죠리퐁스무디가 맛있는 카페 (02-325-9896)
야끼화로 ? 와규전문점. 지나칠정도로 많은 양이 특징. (02-303-9285)","더엠호텔 : 서울 마포구 성산동 52-13 (02-336-0001)
더메이하우스 : 서울 서대문구 성산로7길 11 (10-3086-9961)
예포게스트하우스 : 서울 서대문구 성산로7안길 8 (02-3143-3720)
노을캠핑장: 서울 마포구 하늘공원로 108-1 (02-304-3213)"
백인제가옥,문화,"""북촌 가회동에 위치한 백인제 가옥은 근대 한옥의 양식을 고스란히 보존하고 있는 대표적인 일제강점기 한옥이다. 북촌이 한눈에 내려다보이는 2,460㎡의 대지 위에 당당한 사랑채를 중심으로 넉넉한 안채와 넓은 정원이 자리하고, 가장 높은 곳에는 아담한 별당채가 들어서 있다. 백인제가옥은 전통적인 한옥의 아름다움을 유지하면서도 근대적 변화를 수용하여, 건축 규모나 역사적 가치 면에서 윤보선 가옥과 함께 북촌을 대표하는 건축물로 소개되고 있다.""",안국역 2번출구 -> 약 500m직진 -> 왼편 북촌박물관 골목 -> 약 75m 직진 -> 도착,서울 종로구 북촌로7길 16,02-724-0232,09:00~18:00,"깡통만두 - 맛있는 만두와 온반이 있는 맛집 (02-794-4243)
스미스가좋아하는한옥 - 봉골레파스타가 맛있는 분위기 좋은 삼청동 맛집 (02-722-7003)
경춘자의라면땡기는날 - 매콤한 짬뽕라면유명한곳. 뚝배기에 나오는게 포인트다. (02-733-3330)
조금 - 가마솥밥 가마메시를 맛 볼 수 있는 솥밥. 양은 조금이 아니다. (02-725-8400)","서머셋팰리스서울 : 서울 종로구 율곡로2길 7 (02-6730-8888)
크라운호텔 : 서울 종로구 삼일대로30길 9 종로 (02-3676-8000)
문 게스트하우스 : 서울 종로구 삼일대로32길 31-18 (02-745-8008)
호텔썬비 : 서울 종로구 인사동7길 26 (02-730-3451)"
잠실카트체험장,액티비티,"""몇 번의 연습만 거치면 남녀노소 누구나 즐길 수 있는 카트 체험장!!
무더운 날씨에 스피드와 바람을 온몸으로 느끼며 더위를 날려버리는 카트체험!
순간의 짜릿함을 느껴보고 싶다면 이번 주말에 애인이랑 함께 손잡고 카트체험하러 떠나버리시는 거 어떠신가요??^^
참고로 가격이 많이 비싼 편이기 때문에 꼬옥 사진을 보시고 가시는 걸 권해드립니다!!""",지하철 2호선 종합운동장역 6번출구 -> 잠실카트체험장까지 1.17km(도보 18분거리),서울특별시 송파구 잠실동 10,02-420-3886,"10:00~18:00
월요일:휴무","아메리칸테이블 (070-5159-1269)
향나무집 (02-511-3061)
본가신의주찹쌀순대 (02-564-9292)
얌샘김밥 (02-511-2221)",롯데호텔월드 : 송파구 올림픽로 240 (02-419-7000) 호텔상주 : 서울 송파구 올림픽로8길 19 (02-415-0550) 포레스타 호텔 : 서울 송파구 백제고분로7길 23-6 (02-417-6660)
송파사격장,액티비티,"""송파사격장은 올림픽정식종목인 10m 공기총 사격교육전문 사격장입니다. 학생부터 성인까지 전문사격선수 교육이 가능하며 교육을 받지 않는 일반인 분들도 올림픽 정식종목을 실제로 체험해 볼 수 있는 공간이기도 합니다. 
도심에서 즐겨 볼 수 있는 색다른 이색 데이트코스나 직장인 단합대회등 초등학생 이상이라면 누구나 체험이 가능합니다. 쉽게 접해 보지 못 했던 올림픽 정식종목 10m공기총 사격을 생활체육으로 즐겨보실 수 있습니다.""",지하철 8호선 몽촌토성역 2번출구 -> 송파사격장까지 1.07km(도보 16분거리),서울특별시 송파구 방이동 160,02-6287-0070,"평일:13:00~22:00
주말:10:00~22:00","황산냉면 (02-3431-2262)
정목누룽지백숙 (02-2202-9264)
살롱드쥬 (02-420-9523)
골든타이 (02-461-8089)
스시미노루 (02-418-7711)",롯데호텔월드 : 송파구 올림픽로 240 (02-419-7000) 호텔상주 : 서울 송파구 올림픽로8길 19 (02-415-0550) 포레스타 호텔 : 서울 송파구 백제고분로7길 23-6 (02-417-6660)
애로우팩토리 양궁카페,액티비티,"""양궁 카페는 말 그대로 실내 양궁장과 카페를 합친 곳으로, 
가볍게 커피나 먹거리를 즐기면서 양궁을 체험하는 공간이다.이용자들은 먼저 복장을 갖춘다. 왼팔에 팔목 보호대, 가슴에 가슴 보호대를 차고 오른손 중지에는 손가락을 보호하는 핑거 탭을 낀다. 허리에 화살통이 달린 띠 쿼버를 착용하면 준비 끝. 
그 후 5분 정도 자세와 활 쏘는 방법 등 사전 교육이 이뤄진다. 보통 30발 정도 쏘면 유치원생도 어느 정도 자세가 잡히고 게임을 즐길 수 있는 수준에 오른다. 게다가 자세만 제대로 잡히면 하루에 일곱 시간도 힘들지 않고 즐길 수 있다고. 
여기에 화살을 놓는 포인트를 일정하게 잡는다면 수준급에 오를 수 있다.""",지하철 2호선 합정역 3번 출구 -> 애로우 팩토리 양궁카페까지 652m(도보 10분거리),서울특별시 마포구 서교동 400-3 아산빌딩 4층,010-3382-2050,10:00~24:00(연중무휴),"킨지 (070-4246-6167)
쿼드그릴 (02-338-9004)
닥터마르 (02-324-2226)
간츠 (02-322-1770)",홍대게스트하우스 마마스앤파파스 : 서울 마포구 어울마당로 47 (02-323-8280) 서울큐브 : 서울 마포구 어울마당로1길 7-3 (010-5056-7010) 컴인 게스트하우스 : 서울 마포구 와우산로21길 20-1 (070-8958-7279)
한강나이트카약,액티비티,"""한강의 야경을 감상하면서 타는 나이트카약은 서울의 대표적인 이색 액티비티 중 하나로 똑섬유원지에서 즐길 수 있다""",지하철 7호선 뚝섬유원지역 2번 출구 -> 한강나이트 카약까지 1.3km(도보 18분거리),서울시 광진구 자양동,02-713-1362,,"다밀 (02-455-4654)
케루악 (02-455-6525)
맛좋은순대국 (02-458-5737)",러블리 하우스 : 서울 광진구 자양강변길 117 (010-6647-0617) 호텔A314 : 서울 광진구 자양동 794-1 (02-454-0314) 더클래식500이그제큐티브레지던트펜타즈호텔 : 서울 광진구 자양동 227-342 (02-2218-5777)
세빛섬 튜브스터,액티비티,"""원하는 요일,원하는 시간대에 세빛 둥둥섬에서 부담없는 금액대에 즐길 수 있는 한강 요트 체험!""",지하철 9호선 고속터미널역 8-1번 출구 -> 한강 골든블루마리나까지 1.65km(도보 25분거리),서울특별시 서초구 반포동 650,02-713-1362,,"세빛섬 비스타펍 (02-537-2403)
채빛퀴진 (02-3477-3100)
드레꽃 (02-3477-9567)
더리버 (02-595-1975)
옹달샘 (02-533-0602)",쉐라톤 서울 팔래스 호텔 : 서초구 사평대로 160 (02-532-5000) JW 메리어트 호텔 서울 : 서울 서초구 신반포로 176 (02-6282-6282) 호텔프라임 : 서울 서초구 사평대로2길 19-9 (02-3477-4681)
인사동 런닝맨,액티비티,"""도심에서 프로그램 속 주인공이 되는 신개념 체험 컨텐츠!""",지하철 1호선 종각역 3-1번출구 -> 런닝맨 인사동점까지 304m(도보 5분거리),서울특별시 종로구 공평동 1,02-2034-0606,매일10:00~20:00 (19:00 입장마감),"이문설농탕 (02-733-6526)
떡사롱 (02-725-9449)
안래홍 (02-739-8013)
취야벌 (02-730-0305)",센터마크 호텔 : 서울 종로구 인사동5길 38 (02-731-1000) 오라카이 인사동 스위츠 : 서울 종로구 인사동4길 18 로담코 인사빌딩 (02-6262-8888) 호텔썬비 : 서울 종로구 인사동7길 26 (02-730-3451)
다이나믹메이즈,액티비티,"""예측불가! 짜릿하게 탈출하라! 서로 협력하며 장애물을 뛰어넘고, 미로를 탈출하라!
미로속에서 차원을 넘나들며 역동적인 체험을 즐길 수 있는
'실내 익사이팅 프로그램'으로 서로 협동하여 장애물을 뛰어넘고,
순발력과 집중력을 요하는
다양한 신체활동을 통해 보다 건강하고 색다른 재미를 선사합니다.""",지하철 3호선 종로3가역 5번출구 -> 다이나믹메이즈까지 611m(도보 9분거리),서울특별시 종로구 인사동 43,02-1661-1063,09:00~20:30,"선비옥 (02-764-2214)
삼해집 (02-733-1460)
유진식당 (02-764-2835)
삼숙이라면 (02-720-9711)
오죽이네 (02-741-8874)",센터마크 호텔 : 서울 종로구 인사동5길 38 (02-731-1000) 오라카이 인사동 스위츠 : 서울 종로구 인사동4길 18 로담코 인사빌딩 (02-6262-8888) 호텔썬비 : 서울 종로구 인사동7길 26 (02-730-3451)
스매싱볼,액티비티,"""가볍게 맥주와 칵테일을 마시면서 신나는 음악과 함께 즐길수 있는 이색볼링장""",지하철 9호선 신논현역 5분출구 -> 스매싱볼까지 155m(도보 2분거리),서울특별시 강남구 역삼동 808-5 충림빌딩,02-556-2231,,"코다차야 (02-3453-6666)
더페이 (070-4515-6248)
쌍두마차 (02-5411-9233)
연탄돼지갈비 (02-562-9290)",르 메르디앙 서울 호텔 : 서울 강남구 봉은사로 120 (02-3451-8000) 노보텔앰배서더 서울강남 : 서울 강남구 봉은사로 120 (02-567-1101) 도미인 서울 강남 : 서울 강남구 봉은사로 134 (02-548-5489)
히트브이알,액티비티,"""각종 4D게임부터 레프팅 보트, 각종 좀비게까지 가능한 VR게임 체험장""",지하철 2호선 홍대입구 1번출구 -> 히트VR까지 253m(도보 4분거리),서울특별시 마포구 동교동 160-5 롯데호텔 L7 2층,02-338-5268,"평일13:00~22:00
주말13:00~24:00","동아냉면 (02-336-8650)
홉스피제리아 (02-332-0719)
어메이징타일랜드 (02-322-0567)
앙스모멍 (02-3141-8860)
새우왕 알베르토 (02-337-7092)",롯데호텔 L7 홍대 : 서울 마포구 양화로 141 (02-2289-1000) 메리골드 호텔 : 서울 마포구 양화로 112 규수당 문화센터 (02-332-5656) 호텔 디오레 : 서울 마포구 동교로 162-7 (02-332-2333)
히트브이알,액티비티,"""각종 4D게임부터 레프팅 보트, 각종 좀비게까지 가능한 VR게임 체험장""",지하철 2호선 홍대입구 1번출구 -> 히트VR까지 253m(도보 4분거리),서울특별시 마포구 동교동 160-5 롯데호텔 L7 2층,02-338-5268,"평일13:00~22:00
주말13:00~24:00",".동아냉면 02-336-8650
.홉스피제리아 02-332-0719
.어메이징타일랜드 02-322-0567
.앙스모멍 02-3141-8860
.새우왕 알베르토 02-337-7092",
